"Estado";"emp";"sit";"setor";"esp";"dep";"PL";"lucros";"gov_ca";"gov_cf";"gov_aud";"maior_rem";"plr_rva";"qde_empregados";"desp_investimento";"desp_pessoal";"Dividendos";"Subvenção";"Subvenção (anterior)";"Reforço de Capital";"Reforço de Capital (anterior)";"capital";"link";"indicio_dependencia";"var_capital";"var_acoes";"Nome_estado";"REGIAO";"gov";"result_NA";"Resultado para o Estado Acionista"
"AC";"Companhia Industrial de Laticínios do Acre  CILA";"ATIVA";"ABASTECIMENTO DE ALIMENTOS E OUTROS INSUMOS";"EMPRESA PÚBLICA";"Dependente";-88773662,59;142443,37;"SIM";"SIM";"NÃO";2183003,74;"Não";29;1686,87;2497093,78;0;2820871,21;2317412,32;0;0;0;NA;"DEPENDENTE";0;0;"Acre";"Norte";FALSE;FALSE;-2820871,21
"AC";"Companhia de Armazéns e Entrepostos do Acre  CAGEACRE";"ATIVA";"ABASTECIMENTO DE ALIMENTOS E OUTROS INSUMOS";"EMPRESA PÚBLICA";"Dependente";7447035,22;678045,71;"NÃO";"SIM";"NÃO";215350,25;"Não";155;0;13419884,01;0;14729465,32;19543507,28;0;0;0;NA;"DEPENDENTE";0;0;"Acre";"Norte";FALSE;FALSE;-14729465,32
"AC";"Administradora da Zona de Processamento de Exportação do Acre  AZPEAC";"ATIVA";"DESENVOLVIMENTO REGIONAL";"SOCIEDADE DE ECONOMIA MISTA";"Dependente";0;0;"SIM";"SIM";"NÃO";0;"Não";0;0;0;0;0;0;0;0;0;NA;"DEPENDENTE";0;0;"Acre";"Norte";FALSE;FALSE;0
"AC";"Companhia Agência de Desenvolvimento e Serviços Ambientais do Estado do Acre  CDSA";"ATIVA";"DESENVOLVIMENTO REGIONAL";"SOCIEDADE DE ECONOMIA MISTA";"Dependente";3005608118,66;-24631,91;"SIM";"SIM";"NÃO";233705,73;"Não";13;0;1483226,97;0;1521026,97;957768,34;2400000;2447100;997100;NA;"DEPENDENTE";0;0;"Acre";"Norte";FALSE;FALSE;-3921026,97
"AC";"Companhia de Colonização do Acre  COLONACRE";"EM LIQUIDAÇÃO";"DESENVOLVIMENTO REGIONAL";"EMPRESA PÚBLICA";"Dependente";5690130,83;46963,39;"NÃO";"SIM";"NÃO";1040941,44;"Não";17;0;1658046,44;0;1705223,56;1397964,12;0;0;0;NA;"DEPENDENTE";0;0;"Acre";"Norte";FALSE;FALSE;-1705223,56
"AC";"Companhia de Desenvolvimento Industrial do Acre  CODISACRE";"ATIVA";"DESENVOLVIMENTO REGIONAL";"EMPRESA PÚBLICA";"Dependente";6665321,59;693377,74;"SIM";"SIM";"NÃO";198405,6;"Não";37;244185,81;3944525,12;0;5010920,96;4779201,42;0;0;0;NA;"DEPENDENTE";0;0;"Acre";"Norte";FALSE;FALSE;-5010920,96
"AC";"Banco do Estado do Acre  BANACRE";"EM LIQUIDAÇÃO";"FINANCEIRO";"SOCIEDADE DE ECONOMIA MISTA";"Dependente";-199341952,72;-2514600,66;"SIM";"SIM";"NÃO";109184,47;"Não";12;2348,39;1444341,25;0;1774048,96;1780362,81;0;0;0;NA;"DEPENDENTE";0;0;"Acre";"Norte";FALSE;FALSE;-1774048,96
"AC";"Companhia de Habitação do Acre  COHABACRE";"ATIVA";"HABITAÇÃO E URBANIZAÇÃO";"SOCIEDADE DE ECONOMIA MISTA";"Dependente";79307669,34;3953141,14;"SIM";"SIM";"NÃO";270124,92;"Não";63;0;6325167,21;0;8771679,88;6949505,22;0;0;0;NA;"DEPENDENTE";0;0;"Acre";"Norte";FALSE;FALSE;-8771679,88
"AC";"Empresa de Processamento de Dados do Acre  ACREDATA";"ATIVA";"INFORMÁTICA E TECNOLOGIA DA INFORMAÇÃO";"EMPRESA PÚBLICA";"Dependente";103720301,25;11811971,51;"SIM";"SIM";"NÃO";0;"Sim";84;0;6325167,21;0;13107416,33;11684206,5;0;0;0;NA;"DEPENDENTE";0;0;"Acre";"Norte";FALSE;FALSE;-13107416,33
"AC";"Agencia de Negócios do Estado do Acre  ANAC";"ATIVA";"OUTROS";"SOCIEDADE DE ECONOMIA MISTA";"Dependente";39712876,01;-10051185,58;"SIM";"SIM";"NÃO";407932,32;"Não";12;0;7155806,19;0;0;0;8531737,63;5563422,39;9762781,21;NA;"DEPENDENTE";0;0;"Acre";"Norte";FALSE;FALSE;-8531737,63
"AC";"Empresa de Assistência Técnica e Extensão Rural do Acre  EMATER";"ATIVA";"PESQUISA E ASSISTÊNCIA TÉCNICA AGROPECUÁRIA";"EMPRESA PÚBLICA";"Dependente";-8249,79;167735,68;"SIM";"SIM";"NÃO";349852,72;"Não";152;0;18707804,19;0;23737120,78;21676919,11;2149510,24;2052870,8;0;NA;"DEPENDENTE";0;0;"Acre";"Norte";FALSE;FALSE;-25886631,02
"AC";"Companhia de Saneamento do Acre  SANACRE";"ATIVA";"SANEAMENTO";"SOCIEDADE DE ECONOMIA MISTA";"Dependente";19805480,95;91692,53;"SIM";"SIM";"NÃO";0;"Não";189;0;22880993,43;0;3547857,37;3364776,23;0;0;0;NA;"DEPENDENTE";0;0;"Acre";"Norte";FALSE;FALSE;-3547857,37
"AL";"Companhia de Edição Impressão e Publicação de Alagoas";"ATIVA";"COMUNICAÇÃO";"SOCIEDADE DE ECONOMIA MISTA";"Não Dependente";217370,56;-5899240,4;"SIM";"SIM";"NÃO";298779,51;"Não";119;0;12885085,75;0;0;0;0;0;0;"https://www,imprensaoficial,al,gov,br/storage/files/2025/04/Carta_Anual_de_Políticas_Públicas_CEPAL_Aprovada_Conselho_2024,pdf";"NÃO DEPENDENTE";0;0;"Alagoas";"Nordeste";FALSE;FALSE;0
"AL";"Agência de Fomento de Alagoas  Desenvolve";"ATIVA";"FINANCEIRO";"SOCIEDADE DE ECONOMIA MISTA";"Dependente";45079000;-7444000;"SIM";"SIM";"NÃO";119587;"Não";57;0;651000;0;0;0;0;0;0;NA;"DEPENDENTE";0;0;"Alagoas";"Nordeste";FALSE;FALSE;0
"AL";"Banco do Estado de Alagoas SA";"EM LIQUIDAÇÃO";"FINANCEIRO";"SOCIEDADE DE ECONOMIA MISTA";"Dependente";120732790,76;-20349597,22;"NÃO";"SIM";"NÃO";325324,89;"Não";3;0;554179,85;0;1e+05;1e+05;1,6e+07;0;0;NA;"DEPENDENTE";0;0;"Alagoas";"Nordeste";FALSE;FALSE;-16100000
"AL";"Alagoas Ativos SA";"ATIVA";"GESTÃO DE ATIVOS";"EMPRESA PÚBLICA";"Não Dependente";1354881,68;646243,59;"SIM";"SIM";"NÃO";405711,63;"Não";19;0;2192507,72;0;0;0;0;0;0;NA;"NÃO DEPENDENTE";0;0;"Alagoas";"Nordeste";FALSE;FALSE;0
"AL";"Gás de Alagoas SA";"ATIVA";"GÁS E DERIVADOS";"SOCIEDADE DE ECONOMIA MISTA";"Não Dependente";140652177,31;40882909,78;"SIM";"SIM";"SIM";398267,27;"Não";161;34430657,7;25539770,41;10638724,09;0;0;0;0;0;"https://governanca,algas,com,br/carta-anual-de-politicas-publicas-e-governanca-corporativa";"NÃO DEPENDENTE";0;0;"Alagoas";"Nordeste";TRUE;FALSE;10638724,09
"AL";"Companhia Alagoana de Recursos Humanos e Patrimoniais";"EM LIQUIDAÇÃO";"HABITAÇÃO E URBANIZAÇÃO";"SOCIEDADE DE ECONOMIA MISTA";"Dependente";19491992,39;-22558097,95;"NÃO";"SIM";"NÃO";218125,31;"Não";1;323632,27;16778,87;0;2734521,95;5776972,86;0;0;0;NA;"DEPENDENTE";0;0;"Alagoas";"Nordeste";FALSE;FALSE;-2734521,95
"AL";"Serviços de Engenharia de Alagoas SA";"EM LIQUIDAÇÃO";"OUTROS";"SOCIEDADE DE ECONOMIA MISTA";"Dependente";-1653049,78;0;"NÃO";"SIM";"NÃO";539804,72;"Não";5;0;41523,44;0;387314,54;1018063,95;0;0;0;NA;"DEPENDENTE";0;0;"Alagoas";"Nordeste";FALSE;FALSE;-387314,54
"AL";"Companhia de Saneamento de Alagoas";"ATIVA";"SANEAMENTO";"SOCIEDADE DE ECONOMIA MISTA";"Não Dependente";6571826958;76660074;"SIM";"SIM";"SIM";475077,99;"Não";856;11453707,22;109360615;0;0;0;51271902,34;44880272,47;231811627,53;"https://www,casal,al,gov,br/arquivos/carta-anual-de-politicas-publicas-e-governanca-corporativa-2024/";"NÃO DEPENDENTE";0;0;"Alagoas";"Nordeste";TRUE;FALSE;-51271902,34
"AL";"Laboratório Industrial Farmacêutico";"EM LIQUIDAÇÃO";"SAÚDE";"SOCIEDADE DE ECONOMIA MISTA";"Dependente";-50970,82;86544,66;"NÃO";"SIM";"NÃO";62321,22;"Não";0;0;4793,94;0;430375,27;354932,54;0;0;0;NA;"DEPENDENTE";0;0;"Alagoas";"Nordeste";FALSE;FALSE;-430375,27
"AP";"AGÊNCIA DE FOMENTO POPULAR";"ATIVA";"FINANCEIRO";"EMPRESA PÚBLICA";"Não Dependente";16811613,52;-1045966,91;"SIM";"SIM";"NÃO";204363,69;"Não";99;0;4546633,36;0;0;0;0;0;39255740,08;NA;"NÃO DEPENDENTE";0;0;"Amapá";"Norte";FALSE;FALSE;0
"AP";"COMPANHIA DE GÁS DO AMAPÁ";"ATIVA";"GÁS E DERIVADOS";"SOCIEDADE DE ECONOMIA MISTA";"Não Dependente";135120,81;332463,03;"SIM";"SIM";"NÃO";58275;"Não";2;0;169282,13;0;0;0;0;0;0;"https://gasap,com,br/acesso-a-informacao/governanca/carta-anual-de-governanca";"NÃO DEPENDENTE";0;0;"Amapá";"Norte";FALSE;FALSE;0
"AP";"COMPANHIA DE ÁGUA E ESGOTO DO AMAPÁ";"ATIVA";"SANEAMENTO";"SOCIEDADE DE ECONOMIA MISTA";"Dependente";121298484,36;-123318303,7;"SIM";"SIM";"NÃO";284698,07;"Não";298;519101,98;45689257,88;0;51535694,86;51326172,65;51535694,86;51326172,65;52607136,35;"caesa,portal,ap,gov,br";"DEPENDENTE";0;0;"Amapá";"Norte";FALSE;FALSE;-103071389,72
"AM";"Agência de Desenvolvimento Sustentável do Amazonas";"ATIVA";"DESENVOLVIMENTO REGIONAL";"EMPRESA PÚBLICA";"Dependente";795178,7;-4743532,02;"SIM";"SIM";"NÃO";180416,58;"Não";83;0;4164370,39;0;125829889,82;102148016,19;0;0;0;"Não possui";"DEPENDENTE";0;0;"Amazonas";"Norte";FALSE;FALSE;-125829889,82
"AM";"Cia de Desenvolvimento do Estado do Amazonas";"ATIVA";"DESENVOLVIMENTO REGIONAL";"SOCIEDADE DE ECONOMIA MISTA";"Dependente";53266635,34;-18991278,86;"SIM";"SIM";"NÃO";758106,55;"Não";191;0;30883606,66;0;17074546,3;30817836,33;16526312,36;0;32494407,36;"www,ciama,am,gov,br";"DEPENDENTE";0;0;"Amazonas";"Norte";FALSE;FALSE;-33600858,66
"AM";"Agência de Fomento do Estado do Amazonas";"ATIVA";"FINANCEIRO";"EMPRESA PÚBLICA";"Não Dependente";125785991,54;14463129,66;"SIM";"SIM";"SIM";567085,72;"Não";253;322025464,15;50347132,96;0;0;0;0;0;0;"https://www,afeam,am,gov,br/wpcontent/ uploads/2025/04/CARTAANUAL¿ 2024,pdf";"NÃO DEPENDENTE";0;0;"Amazonas";"Norte";TRUE;FALSE;0
"AM";"Cia Amazonense de Desenvolvimento e Mobilização de Ativos";"ATIVA";"GESTÃO DE ATIVOS";"EMPRESA PÚBLICA";"Não Dependente";153408;6811743;"SIM";"SIM";"SIM";439200;"Não";26;0;4383063;0;0;0;4e+06;6e+06;0;"https://www,cada,am,gov,br/wpcontent/uploads/2025/02/Carta-Anual-2025-Data-Base-2024,pdf";"NÃO DEPENDENTE";0;0;"Amazonas";"Norte";TRUE;FALSE;-4e+06
"AM";"Cia de Gás do Amazonas";"ATIVA";"GÁS E DERIVADOS";"SOCIEDADE DE ECONOMIA MISTA";"Não Dependente";505089714,62;197284083,29;"SIM";"SIM";"NÃO";765000;"Sim";230;22339239,86;2056766,34;11365846,16;0;0;0;0;0;"https://www,cigas-am,com,br/relatorio-de-sustentabilidade";"NÃO DEPENDENTE";0;0;"Amazonas";"Norte";FALSE;FALSE;11365846,16
"AM";"Processamento de Dados do Amazonas";"ATIVA";"INFORMÁTICA E TECNOLOGIA DA INFORMAÇÃO";"SOCIEDADE DE ECONOMIA MISTA";"Não Dependente";25157069;9749845;"SIM";"SIM";"SIM";730797,6;"Não";446;9098462;69725561;0;0;0;0;0;0;"https://prodam,am,gov,br/acesso-a-informacao/carta-de-governanca-2024/";"NÃO DEPENDENTE";0;0;"Amazonas";"Norte";TRUE;FALSE;0
"AM";"Cia de Saneamento do Amazonas";"ATIVA";"SANEAMENTO";"SOCIEDADE DE ECONOMIA MISTA";"Dependente";-22972208,93;-8231341,87;"SIM";"SIM";"NÃO";469688,87;"Não";522;4303097,24;45340671,37;0;49576265,74;47283701,48;1290000;4042877,04;0;"Não foi publicada carta anual,";"DEPENDENTE";0;0;"Amazonas";"Norte";FALSE;FALSE;-50866265,74
"AM";"Empresa Estadual de Turismo";"ATIVA";"TURISMO";"EMPRESA PÚBLICA";"Dependente";4189166,07;-803617,85;"SIM";"SIM";"SIM";407740;"Não";144;38772283;13648434,78;0;104258633,96;71978545,77;0;0;0;"https://www,amazonastur,am,gov,br/wpcontent/ uploads/2024/10/amazonastur-cartaservicos- 2024,pdf";"DEPENDENTE";0;0;"Amazonas";"Norte";TRUE;FALSE;-104258633,96
"BA";"BAHIA PESCA SA";"ATIVA";"ABASTECIMENTO DE ALIMENTOS E OUTROS INSUMOS";"SOCIEDADE DE ECONOMIA MISTA";"Dependente";-3362003;3377901;"SIM";"SIM";"NÃO";379709,85;"Não";110;865276;13857900;0;6890791,41;5400883;0;0;0;"https://www,ba,gov,br/bahiapesca/sites/site-bahiapesca/files/2024-12/Carta%20Anual%20exerc%C3%ADcio%202023,pdf";"DEPENDENTE";0;0;"Bahia";"Nordeste";FALSE;FALSE;-6890791,41
"BA";"COMPANHA DE DESENVOLVIMENTO E AÇÃO REGIONAL";"ATIVA";"DESENVOLVIMENTO REGIONAL";"EMPRESA PÚBLICA";"Dependente";-37037212,28;2270183,67;"SIM";"SIM";"NÃO";463700,92;"Não";375;0;43114341,42;0;62005725,58;51115066,74;0;0;12513332,2;"https://www,car,ba,gov,br/sites/default/files/2025-01/Carta%20Anual%202025,pdf";"DEPENDENTE";0;0;"Bahia";"Nordeste";FALSE;FALSE;-62005725,58
"BA";"AGÊNCIA DE FOMENTO DO ESTADO DA BAHIA";"ATIVA";"FINANCEIRO";"SOCIEDADE DE ECONOMIA MISTA";"Não Dependente";827539253,78;96535176,27;"SIM";"SIM";"SIM";479397,25;"Sim";249;0;67101416,45;33994927,22;0;0;0;0;0;"https://www,desenbahia,ba,gov,br/wp-content/uploads/2024/05/carta-anual-politicas-publicas-e-governanca-corporativa-2023-revfinal,pdf";"NÃO DEPENDENTE";0;0;"Bahia";"Nordeste";TRUE;FALSE;33994927,22
"BA";"EMPRESA BAIANA DE ATIVOS SA";"ATIVA";"GESTÃO DE ATIVOS";"SOCIEDADE DE ECONOMIA MISTA";"Não Dependente";64281864,26;-7564609,45;"SIM";"SIM";"NÃO";506760,26;"Não";36;204804,5;7903369,47;0;0;0;5e+06;8545000;2e+06;"CARTA-ANUAL-BI-2024_2025_28_04_25-Assinada-compactado,pdf";"NÃO DEPENDENTE";0;0;"Bahia";"Nordeste";FALSE;FALSE;-5e+06
"BA";"COMPANHIA DE GÁS DA BAHIA";"ATIVA";"GÁS E DERIVADOS";"SOCIEDADE DE ECONOMIA MISTA";"Não Dependente";1137863930,43;197681366,04;"SIM";"SIM";"SIM";560751,36;"Sim";611;236254413,1;103012287,98;66931377,33;0;0;0;0;0;"https://www,bahiagas,com,br/sobre-a-bahiagas/cartas-anuais";"NÃO DEPENDENTE";0;0;"Bahia";"Nordeste";TRUE;FALSE;66931377,33
"BA";"COMPANHIA DE DESENVOLVIMENTO URBANO DO ESTADO DA BAHIA";"ATIVA";"HABITAÇÃO E URBANIZAÇÃO";"EMPRESA PÚBLICA";"Dependente";175100694,96;-14979510,74;"SIM";"SIM";"NÃO";451672,48;"Não";347;0;42386835,71;0;1126313629,84;1316954725,41;0;0;0;"https://www,conder,ba,gov,br/sites/default/files/2024-04/CARTA GOVERNANÇA 2024_0,pdf";"DEPENDENTE";0;0;"Bahia";"Nordeste";FALSE;FALSE;-1126313629,84
"BA";"HABITAÇÃO E URBANIZAÇÃO DA BAHIA SA";"EM LIQUIDAÇÃO";"HABITAÇÃO E URBANIZAÇÃO";"SOCIEDADE DE ECONOMIA MISTA";"Não Dependente";-110468503,03;-72337244,98;"SIM";"SIM";"NÃO";348209,88;"Não";51;0;9675773,02;0;0;0;0;0;0;NA;"NÃO DEPENDENTE";0;0;"Bahia";"Nordeste";FALSE;FALSE;0
"BA";"COMPANHIA DE PROCESSAMENTO DE DADOS DO ESTADO DA BAHIA";"ATIVA";"INFORMÁTICA E TECNOLOGIA DA INFORMAÇÃO";"SOCIEDADE DE ECONOMIA MISTA";"Não Dependente";119512584;18634675;"SIM";"SIM";"SIM";556998,24;"Não";691;10868764;107881314,32;0;0;0;0;0;2424661;"https://www,prodeb,ba,gov,br/transparencia/governanca-corporativa/carta-anual-de-politicas-publicas-e-governanca-corporativa";"NÃO DEPENDENTE";0;0;"Bahia";"Nordeste";TRUE;FALSE;0
"BA";"EMPRESA GRÁFICA DA BAHIA";"ATIVA";"INFORMÁTICA E TECNOLOGIA DA INFORMAÇÃO";"EMPRESA PÚBLICA";"Não Dependente";67555971;5291485;"SIM";"SIM";"SIM";393665;"Não";159;0;17342286;0;0;0;0;0;0;NA;"NÃO DEPENDENTE";0;0;"Bahia";"Nordeste";TRUE;FALSE;0
"BA";"COMPANHIA BAIANA DE PESQUISA MINERAL";"ATIVA";"MINERAÇÃO";"SOCIEDADE DE ECONOMIA MISTA";"Dependente";-83137844,53;-10532825,51;"SIM";"SIM";"NÃO";463398,48;"Não";141;787226;53051335,29;0;8346554,7;6087023,91;0;0;0;"http://www,cbpm,ba,gov,br/transparencia/carta-anual-de-politicas-publicas-e-governanca-corporativa/";"DEPENDENTE";0;0;"Bahia";"Nordeste";FALSE;FALSE;-8346554,7
"BA";"COMPANHIA DE ENGENHARIA HÍDRICA E DE SANEAMENTO DA BAHIA";"ATIVA";"SANEAMENTO";"SOCIEDADE DE ECONOMIA MISTA";"Dependente";7166576,22;14284705,45;"SIM";"SIM";"SIM";445266,58;"Sim";1055;86292044,93;40632220,41;0;147100523,08;122801246,42;0;0;0;"http://www,cerb,ba,gov,br/sites/www,cerb,ba,gov,br/files/a_cerb/nosso_papel/page/files/CARTA_ANUAL_2024_VF,pdf";"DEPENDENTE";0;0;"Bahia";"Nordeste";TRUE;FALSE;-147100523,08
"BA";"EMPRESA BAIANA DE ÁGUAS E SANEAMENTO";"ATIVA";"SANEAMENTO";"SOCIEDADE DE ECONOMIA MISTA";"Não Dependente";8270897875,45;1007478338,81;"SIM";"SIM";"SIM";894298,57;"Sim";4837;1167333164,69;1012331245,99;0;0;0;0;0;57503611,32;"https://www,embasa,ba,gov,br/a-embasa/quem-somos/governanca/carta-anual-de-politicas-publicas-de-governanca-corporativa";"NÃO DEPENDENTE";0;0;"Bahia";"Nordeste";TRUE;FALSE;0
"BA";"COMPANHIA DE TRANSPORTE DO ESTADO DA BAHIA";"ATIVA";"TRANSPORTE";"EMPRESA PÚBLICA";"Dependente";40896905,37;-11730794,86;"SIM";"SIM";"NÃO";433360,48;"Não";82;237429000;23508720,55;0;277357652,9;59945660,22;0;0;22737270,41;NA;"DEPENDENTE";0;0;"Bahia";"Nordeste";FALSE;FALSE;-277357652,9
"CE";"Centrais de Abastecimento do Ceará SA";"ATIVA";"ABASTECIMENTO DE ALIMENTOS E OUTROS INSUMOS";"SOCIEDADE DE ECONOMIA MISTA";"Não Dependente";7171691;66798;"SIM";"SIM";"NÃO";180982,64;"Não";265;0;18912827;0;0;0;0;0;0;NA;"NÃO DEPENDENTE";0;0;"Ceará";"Nordeste";FALSE;FALSE;0
"CE";"Agência de Desenvolvimento do Estado do Ceará SA";"ATIVA";"DESENVOLVIMENTO REGIONAL";"SOCIEDADE DE ECONOMIA MISTA";"Não Dependente";227573064,31;16820593;"SIM";"SIM";"NÃO";282690,4;"Não";139;26175954;22091401,06;0;0;0;18922127;0;0;NA;"NÃO DEPENDENTE";0;0;"Ceará";"Nordeste";FALSE;FALSE;-18922127
"CE";"ZPE Ceará";"ATIVA";"DESENVOLVIMENTO REGIONAL";"SOCIEDADE DE ECONOMIA MISTA";"Não Dependente";35820464,14;13568036,05;"SIM";"SIM";"NÃO";287117,16;"Sim";152;3495688,47;17924084,11;0;0;0;0;0;0;"https://zpeceara,com,br/wp-content/uploads/2024/05/Carta-Anual-2023_ZPE,pdf";"NÃO DEPENDENTE";0;0;"Ceará";"Nordeste";FALSE;FALSE;0
"CE";"Companhia de Participação de Ativos do Ceará";"ATIVA";"GESTÃO DE ATIVOS";"SOCIEDADE DE ECONOMIA MISTA";"Não Dependente";1042708,63;-245882,77;"SIM";"SIM";"NÃO";193581,5;"Não";22;88157,72;4250289,68;0;0;0;0;0;0;"https://cppub,cepart,com,br/upload/docInst/Carta_Anual_2023_cearapar,pdf";"NÃO DEPENDENTE";0;0;"Ceará";"Nordeste";FALSE;FALSE;0
"CE";"Companhia de Gás do Ceará";"ATIVA";"GÁS E DERIVADOS";"SOCIEDADE DE ECONOMIA MISTA";"Não Dependente";272709448,97;53836634,67;"SIM";"SIM";"SIM";403935,4;"Sim";143;35321589,49;14145214,57;11982824,79;0;0;0;0;0;"https://www,cegas,com,br";"NÃO DEPENDENTE";0;0;"Ceará";"Nordeste";TRUE;FALSE;11982824,79
"CE";"Companhia de Habitação do Ceará";"EM LIQUIDAÇÃO";"HABITAÇÃO E URBANIZAÇÃO";"SOCIEDADE DE ECONOMIA MISTA";"Dependente";-315559232,83;-10281440,12;"NÃO";"SIM";"NÃO";121610,4;"Não";45;66780;2958289,75;0;3685417,15;9400117,83;0;0;0;NA;"DEPENDENTE";0;0;"Ceará";"Nordeste";FALSE;FALSE;-3685417,15
"CE";"Empresa de Tecnologia da Informação do Ceará";"ATIVA";"INFORMÁTICA E TECNOLOGIA DA INFORMAÇÃO";"EMPRESA PÚBLICA";"Dependente";40007116;23493609;"SIM";"SIM";"NÃO";534130;"Não";193;141910;58947805;0;52846766;50337610;0;0;0;"https://www,etice,ce,gov,br/cartas-anuais-de-politicas-publicas-e-governanca-corporativa/";"DEPENDENTE";0;0;"Ceará";"Nordeste";FALSE;FALSE;-52846766
"CE";"Empresa de Assistência Técnica e Extensão Rural do Ceará";"ATIVA";"PESQUISA E ASSISTÊNCIA TÉCNICA AGROPECUÁRIA";"EMPRESA PÚBLICA";"Dependente";-93996136,26;-476324,62;"SIM";"SIM";"NÃO";503399,06;"Não";743;0;121307888,15;0;135698855,32;125847483,44;0;0;0;NA;"DEPENDENTE";0;0;"Ceará";"Nordeste";FALSE;FALSE;-135698855,32
"CE";"Companhia de Desenvolvimento do Complexo Industrial e Portuário do Pecém  CIPP SA";"ATIVA";"PORTOS E HIDROVIAS";"SOCIEDADE DE ECONOMIA MISTA";"Não Dependente";1350756494,48;98567134,51;"SIM";"SIM";"SIM";626720,41;"Não";375;49933261,37;94346584,5;17219203,34;0;0;0;0;0;"https://www,complexodopecem,com,br/wp-content/uploads/2021/10/Carta-Anual-2024,pdf";"NÃO DEPENDENTE";0;0;"Ceará";"Nordeste";TRUE;FALSE;17219203,34
"CE";"Companhia de Gestão dos Recursos Hídricos";"ATIVA";"SANEAMENTO";"SOCIEDADE DE ECONOMIA MISTA";"Não Dependente";275152984;14241975;"SIM";"SIM";"SIM";561341,06;"Sim";952;13273633;110210112;1201000;0;0;5701731;3350355;2796936;"https://portal,cogerh,com,br/wp-content/uploads/2024/10/ASGRC%202024%20CARTA%20ANUAL%20ano%20base%202023%20,pdf";"NÃO DEPENDENTE";0;0;"Ceará";"Nordeste";TRUE;FALSE;-4500731
"CE";"Companhia de Água e Esgoto do Ceará";"ATIVA";"SANEAMENTO";"SOCIEDADE DE ECONOMIA MISTA";"Não Dependente";3317676522,01;354050012,94;"SIM";"SIM";"SIM";796275,06;"Sim";5769;1319920214,5;750561236,66;0;0;0;82919564,62;38334495,7;0;"https://www,cagece,com,br/wp-content/uploads/PDF/Governanca/Documentos/DocumentosdeRegulacaoInterna/CartaAnual/Carta-Anual-de-Politicas-Publicas-e-Governanca-Corporativa-2023,pdf";"NÃO DEPENDENTE";0;0;"Ceará";"Nordeste";TRUE;FALSE;-82919564,62
"CE";"Companhia Cearense de Transportes Metropolitanos";"ATIVA";"TRANSPORTE";"SOCIEDADE DE ECONOMIA MISTA";"Não Dependente";915953575,93;-67338882,65;"SIM";"SIM";"SIM";326294,08;"Não";1114;8617638,54;132754655,79;0;215011888,31;194001671,98;4e+06;4400000;0;"https://www,metrofor,ce,gov,br/wp-content/uploads/sites/32/2022/03/Carta_Poli%CC%81ticas_Pu%CC%81blicasGovernanc%CC%A7a-2021,pdf";"NÃO DEPENDENTE";0;0;"Ceará";"Nordeste";TRUE;FALSE;-219011888,31
"DF";"Centrais de Abastecimento do Distrito Federal";"ATIVA";"ABASTECIMENTO DE ALIMENTOS E OUTROS INSUMOS";"SOCIEDADE DE ECONOMIA MISTA";"Não Dependente";60377796,91;1866173,98;"SIM";"SIM";"NÃO";327915,97;"Não";60;0;15729760,24;0;0;0;1,8e+07;0;0;NA;"NÃO DEPENDENTE";0;0;"Distrito Federal";"Centro-oeste";FALSE;FALSE;-1,8e+07
"DF";"BIOTIC SA";"ATIVA";"DESENVOLVIMENTO REGIONAL";"EMPRESA PÚBLICA";"Não Dependente";1052610978;28800626;"SIM";"SIM";"NÃO";532630,43;"Não";69;1515396,62;10021616,33;0;0;0;0;0;-5794655;"https://www,bioticsa,com,br/pdf/Carta_governanca_Bioti";"NÃO DEPENDENTE";0;0;"Distrito Federal";"Centro-oeste";FALSE;FALSE;0
"DF";"Empresa de Regularização de Terras Rurais";"ATIVA";"DESENVOLVIMENTO REGIONAL";"SOCIEDADE DE ECONOMIA MISTA";"Dependente";880741;-9380301;"SIM";"SIM";"SIM";561405,34;"Sim";44;859790;7222325,57;0;0;0;10203665,64;5840466,29;0;NA;"DEPENDENTE";0;0;"Distrito Federal";"Centro-oeste";TRUE;FALSE;-10203665,64
"DF";"PROFLORA";"EM LIQUIDAÇÃO";"DESENVOLVIMENTO REGIONAL";"SOCIEDADE DE ECONOMIA MISTA";"Não Dependente";8244998,86;-7200331,14;"SIM";"SIM";"NÃO";187442,3;"Não";7;0;1209779,54;0;0;0;0;0;0;NA;"NÃO DEPENDENTE";0;0;"Distrito Federal";"Centro-oeste";FALSE;FALSE;0
"DF";"CEB Geração";"ATIVA";"ENERGIA";"SOCIEDADE DE ECONOMIA MISTA";"Não Dependente";14520896,81;-629528,41;"NÃO";"SIM";"SIM";624558,16;"Sim";17;768850,49;5831363,8;0;0;0;0;0;0;"https://www,ceb,com,br/Documentos,aspx?IdCanal=hD8pqKNE+C5Xrd39y4J+Tg==";"NÃO DEPENDENTE";0;0;"Distrito Federal";"Centro-oeste";FALSE;FALSE;0
"DF";"CEB Iluminação Pública e Serviços";"ATIVA";"ENERGIA";"SOCIEDADE DE ECONOMIA MISTA";"Não Dependente";197508701,77;14013461,95;"NÃO";"SIM";"NÃO";591686,76;"Sim";77;327950;19629027;5170071,05;0;0;0;0;0;NA;"NÃO DEPENDENTE";0;0;"Distrito Federal";"Centro-oeste";FALSE;FALSE;5170071,05
"DF";"CEB Lajeado";"ATIVA";"ENERGIA";"SOCIEDADE DE ECONOMIA MISTA";"Não Dependente";387562396,52;104989869,34;"SIM";"SIM";"SIM";715997,49;"Sim";16;0;6859542,08;0;0;0;0;0;0;NA;"NÃO DEPENDENTE";0;0;"Distrito Federal";"Centro-oeste";TRUE;FALSE;0
"DF";"CEB Participações";"ATIVA";"ENERGIA";"SOCIEDADE DE ECONOMIA MISTA";"Não Dependente";42329035,4;17304561,86;"NÃO";"SIM";"NÃO";610803,22;"Sim";18;1821286,26;3619219,29;0;0;0;0;0;0;NA;"NÃO DEPENDENTE";0;0;"Distrito Federal";"Centro-oeste";FALSE;FALSE;0
"DF";"Companhia Energética de Brasília";"ATIVA";"ENERGIA";"SOCIEDADE DE ECONOMIA MISTA";"Não Dependente";1065392978,74;174228036,26;"SIM";"SIM";"SIM";716384,41;"Sim";120;0;35837828,9;94835083,1;0;0;0;0;0;"https://www,ceb,com,br/Download,aspx?Arquivo=8AtZ9IcMZPUukeHBXSgE3w==&IdCanal=D0mlLqYnKldOCQKkP4Skqg==";"NÃO DEPENDENTE";0;0;"Distrito Federal";"Centro-oeste";TRUE;FALSE;94835083,1
"DF";"BRB  Administradora e Corretora de Seguros SA";"ATIVA";"FINANCEIRO";"SOCIEDADE DE ECONOMIA MISTA";"Não Dependente";499541580,01;80614672,41;"NÃO";"SIM";"NÃO";0;"Não";0;0;1490863,63;0;0;0;0;0;0;NA;"NÃO DEPENDENTE";0;0;"Distrito Federal";"Centro-oeste";FALSE;FALSE;0
"DF";"BRB Crédito Financiamento e Investimento";"ATIVA";"FINANCEIRO";"SOCIEDADE DE ECONOMIA MISTA";"Não Dependente";433727010,3;141054314,85;"NÃO";"SIM";"NÃO";614208,7;"Sim";0;0;567953,8;0;0;0;0;0;0;NA;"NÃO DEPENDENTE";0;0;"Distrito Federal";"Centro-oeste";FALSE;FALSE;0
"DF";"BRB Distribuidora de Títulos e Valores Mobiliários";"ATIVA";"FINANCEIRO";"SOCIEDADE DE ECONOMIA MISTA";"Não Dependente";62259025,61;5674698,68;"SIM";"SIM";"SIM";697595,69;"Sim";38;0;3082019,37;0;0;0;0;0;0;NA;"NÃO DEPENDENTE";0;0;"Distrito Federal";"Centro-oeste";TRUE;FALSE;0
"DF";"BRB Participacoes";"ATIVA";"FINANCEIRO";"EMPRESA PÚBLICA";"Não Dependente";0;0;"SIM";"NÃO";"NÃO";0;"Não";0;0;0;0;0;0;0;0;0;NA;"NÃO DEPENDENTE";0;0;"Distrito Federal";"Centro-oeste";FALSE;FALSE;0
"DF";"BRB Serviços";"ATIVA";"FINANCEIRO";"SOCIEDADE DE ECONOMIA MISTA";"Não Dependente";28906244;-26500068;"SIM";"SIM";"NÃO";673442,27;"Sim";1166;0;72223772,47;0;0;0;0;0;0;NA;"NÃO DEPENDENTE";0;0;"Distrito Federal";"Centro-oeste";FALSE;FALSE;0
"DF";"Banco Regional de Brasília";"ATIVA";"FINANCEIRO";"SOCIEDADE DE ECONOMIA MISTA";"Não Dependente";3687331404,72;195716826,59;"SIM";"SIM";"SIM";837726,37;"Sim";3359;206086925,48;1215339654,36;1206204,48;0;0;0;0;0;"https://ri,brb,com,br/pt/carta-anual-de-politicas-publicas-e-governanca-corporativa";"NÃO DEPENDENTE";0;0;"Distrito Federal";"Centro-oeste";TRUE;FALSE;1206204,48
"DF";"Cartão BRB";"ATIVA";"FINANCEIRO";"SOCIEDADE DE ECONOMIA MISTA";"Não Dependente";586672269,14;36771132,82;"SIM";"SIM";"NÃO";428014,97;"Sim";263;124046687,11;55122088,69;0;0;0;0;0;0;"https://www,brbcard,com,br/wp-content/uploads/2024/09/Carta-Anual-Poli4cas-Publicas-Gov-Corpora4va-2023-vf,pdf";"NÃO DEPENDENTE";0;0;"Distrito Federal";"Centro-oeste";FALSE;FALSE;0
"DF";"Companhia de Planejamento do Distrito Federal";"ATIVA";"GESTÃO DE ATIVOS";"EMPRESA PÚBLICA";"Dependente";-355358,16;-96518,78;"SIM";"SIM";"NÃO";128223,55;"Não";5;0;1328051,04;0;1363008,78;1480509,27;0;0;0;NA;"DEPENDENTE";0;0;"Distrito Federal";"Centro-oeste";FALSE;FALSE;-1363008,78
"DF";"Companhia Brasiliense de Gás";"ATIVA";"GÁS E DERIVADOS";"SOCIEDADE DE ECONOMIA MISTA";"Não Dependente";-1493762,37;-1029544,37;"SIM";"SIM";"NÃO";199511,49;"Não";1;0;378614,51;0;0;0;162500;318750;0;NA;"NÃO DEPENDENTE";0;0;"Distrito Federal";"Centro-oeste";FALSE;FALSE;-162500
"DF";"Companhia Imobiliária de Brasília";"ATIVA";"HABITAÇÃO E URBANIZAÇÃO";"EMPRESA PÚBLICA";"Não Dependente";5287056857,66;-165203510,17;"SIM";"SIM";"SIM";928239,58;"Sim";1100;241820000;331318076,82;0;0;0;0;0;0;"https://www,terracap,df,gov,br/index,php/carta-deservico/imprimaaqui-a-carta-deservico";"NÃO DEPENDENTE";0;0;"Distrito Federal";"Centro-oeste";TRUE;FALSE;0
"DF";"Companhia Urbanizadora da Nova Capital do Brasil";"ATIVA";"HABITAÇÃO E URBANIZAÇÃO";"EMPRESA PÚBLICA";"Dependente";822044474,28;-35717755,62;"SIM";"SIM";"NÃO";539262,2;"Não";992;2827683,65;0;0;2057436824,46;1394076156,54;7272937;7272937;0;NA;"DEPENDENTE";0;0;"Distrito Federal";"Centro-oeste";FALSE;FALSE;-2064709761,46
"DF";"Companhia de Desenvolvimento Habitacional do Distrito Federal";"ATIVA";"HABITAÇÃO E URBANIZAÇÃO";"EMPRESA PÚBLICA";"Dependente";233776023,19;-56499578,51;"SIM";"SIM";"SIM";242075,5;"Não";457;0;42072586,51;0;100786406,64;85133717,78;0;0;37029932;NA;"DEPENDENTE";0;0;"Distrito Federal";"Centro-oeste";TRUE;FALSE;-100786406,64
"DF";"Empresa de Assistência Técnica e Extensão Rural do Distrito Federal";"ATIVA";"PESQUISA E ASSISTÊNCIA TÉCNICA AGROPECUÁRIA";"EMPRESA PÚBLICA";"Dependente";677760,52;19285188,13;"SIM";"SIM";"SIM";712722,87;"Não";309;0;139373719,37;0;147655864,82;133796149,77;0;0;10350559,11;"https://emater,df,gov,br/category/carta-de-servicos/";"DEPENDENTE";0;0;"Distrito Federal";"Centro-oeste";TRUE;FALSE;-147655864,82
"DF";"Companhia de Saneamento Ambiental do Distrito Federal";"ATIVA";"SANEAMENTO";"SOCIEDADE DE ECONOMIA MISTA";"Não Dependente";2248240620;90460720;"SIM";"SIM";"SIM";896119,71;"Sim";1997;372533309,09;975150306,66;0;0;0;0;0;0;"https://www,caesb,df,gov,br/empresa/governanca-corporativa/carta-anual,html";"NÃO DEPENDENTE";0;0;"Distrito Federal";"Centro-oeste";TRUE;FALSE;0
"DF";"Sociedade de Abastecimento de Brasília";"EM LIQUIDAÇÃO";"SANEAMENTO";"EMPRESA PÚBLICA";"Dependente";-1727395,76;252652,15;"SIM";"SIM";"NÃO";287369,68;"Não";113;0;21157093,6;0;21416536,55;20598560,11;0;22,3;0;NA;"DEPENDENTE";0;0;"Distrito Federal";"Centro-oeste";FALSE;FALSE;-21416536,55
"DF";"Companhia do Metropolitano do Distrito Federal";"ATIVA";"TRANSPORTE";"EMPRESA PÚBLICA";"Dependente";1368475260,07;-540400194,94;"SIM";"SIM";"NÃO";812490,74;"Não";1201;51402371,66;310291677,89;0;468667402,28;369615946,13;44635186,69;2233538,6;44635186,69;"https://metro,df,gov,br/?page_id=37077";"DEPENDENTE";0;0;"Distrito Federal";"Centro-oeste";FALSE;FALSE;-513302588,97
"DF";"Sociedade de Transportes Coletivos de Brasília";"ATIVA";"TRANSPORTE";"EMPRESA PÚBLICA";"Dependente";60677501,48;-36494715,71;"SIM";"SIM";"NÃO";331624,15;"Não";552;0;10168034,47;0;266922699,81;215123905,26;0;0;0;NA;"DEPENDENTE";0;0;"Distrito Federal";"Centro-oeste";FALSE;FALSE;-266922699,81
"ES";"Ceasa  Centrais de Abastecimento do Espirito Santo SA";"ATIVA";"ABASTECIMENTO DE ALIMENTOS E OUTROS INSUMOS";"SOCIEDADE DE ECONOMIA MISTA";"Dependente";10901902,08;794552,61;"SIM";"SIM";"NÃO";4737029,62;"Não";158;0;14516508,73;0;0;0;0;0;0;"https://ioes,dio,es,gov,br/portal/visualizacoes/pdf/10176#/p:47/e:10176?find=ceasa";"DEPENDENTE";0;0;"Espiríto Santo";"Sudeste";FALSE;FALSE;0
"ES";"Fundação Carmelia Maria de Souza Cultura e Comunicação Pública";"ATIVA";"COMUNICAÇÃO";"EMPRESA PÚBLICA";"Não Dependente";8445906,58;1815812,38;"SIM";"SIM";"NÃO";1787799,94;"Não";30;0;2240252,56;0;0;0;0;0;4,2e+07;"não se aplica";"NÃO DEPENDENTE";0;0;"Espiríto Santo";"Sudeste";FALSE;FALSE;0
"ES";"Bandes  Banco de Desenvolvimento do Espírito Santo SA";"ATIVA";"FINANCEIRO";"SOCIEDADE DE ECONOMIA MISTA";"Não Dependente";520409975,77;99380415,62;"SIM";"SIM";"SIM";35566517,01;"Sim";190;4083775;54800724,71;0;0;0;0;0;0;"https://www,bandes,com,br/Site/Dinamico/Show/933/Governanca-Corporativa#";"NÃO DEPENDENTE";0;0;"Espiríto Santo";"Sudeste";TRUE;FALSE;0
"ES";"Banestes  Banco do Estado do Espirito Santo";"ATIVA";"FINANCEIRO";"SOCIEDADE DE ECONOMIA MISTA";"Não Dependente";2357213667,21;392487112,26;"SIM";"SIM";"SIM";763612,13;"Sim";2164;249965387,56;491936265,02;199969341,52;0;0;0;0;0;"https://ri,banestes,com,br";"NÃO DEPENDENTE";0;0;"Espiríto Santo";"Sudeste";TRUE;FALSE;199969341,52
"ES";"COHAB  Companhia de Habitação e Urbanização do Estado do Espirito Santo  Em Liquidação";"EM LIQUIDAÇÃO";"HABITAÇÃO E URBANIZAÇÃO";"SOCIEDADE DE ECONOMIA MISTA";"Não Dependente";14717291,91;-147350,05;"SIM";"SIM";"SIM";95433,59;"Não";20;0;1430113,25;0;0;0;0;0;0;"https://seger,es,gov,br/autarquias";"NÃO DEPENDENTE";0;0;"Espiríto Santo";"Sudeste";TRUE;FALSE;0
"ES";"Cesan  Companhia Espirito Santense de Saneamento";"ATIVA";"SANEAMENTO";"SOCIEDADE DE ECONOMIA MISTA";"Não Dependente";4218159000;202438661,35;"SIM";"SIM";"SIM";722809,61;"Sim";1274;0;315136067,28;0;0;0;179289971,2;249280703;0;"https://www,cesan,com,br/wp-content/uploads/2024/07/Carta-Anual-de-Politicas-Publicas-3,pdf";"NÃO DEPENDENTE";0;0;"Espiríto Santo";"Sudeste";TRUE;FALSE;-179289971,2
"ES";"Ceturb  Companhia Estadual de Transportes Coletivos de Passageiros do Espirito Santo";"ATIVA";"TRANSPORTE";"EMPRESA PÚBLICA";"Não Dependente";21912715,39;2119642,44;"SIM";"SIM";"NÃO";453088,04;"Não";244;799246,52;36943692,13;0;0;0;1500000;0;79629108,43;"https://centraldebalancos,estaleiro,serpro,gov,br/centraldebalancos/#/ver-demonstracao/212163";"NÃO DEPENDENTE";0;0;"Espiríto Santo";"Sudeste";FALSE;FALSE;-1500000
"GO";"Centrais de Abastecimento de Goiás SA";"ATIVA";"ABASTECIMENTO DE ALIMENTOS E OUTROS INSUMOS";"SOCIEDADE DE ECONOMIA MISTA";"Não Dependente";252202182,29;823698,66;"SIM";"SIM";"SIM";426408,06;"Não";93;1830220,8;14671226,83;0;0;0;0;0;0;"https://goias,gov,br/ceasa/carta-anual-de-governanca-corporativa/";"NÃO DEPENDENTE";0;0;"Goiás";"Centro-oeste";TRUE;FALSE;0
"GO";"Goiás Telecomunicções SA";"ATIVA";"COMUNICAÇÃO";"SOCIEDADE DE ECONOMIA MISTA";"Dependente";1972373,89;1310016,03;"SIM";"SIM";"SIM";509842,36;"Não";43;0;5762687,86;0;8094138,86;4558969,2;0;0;0;"https://goiastelecom,go,gov,br";"DEPENDENTE";0;0;"Goiás";"Centro-oeste";TRUE;FALSE;-8094138,86
"GO";"Companhia de Desenvolvimento Econômico de Goiás";"ATIVA";"DESENVOLVIMENTO REGIONAL";"SOCIEDADE DE ECONOMIA MISTA";"Não Dependente";220753873;-52937445;"SIM";"SIM";"SIM";420000;"Não";414;0;58285765;0;0;0;0;0;0;"https://www,codego,com,br/acesso-a-informacao/carta-anual-de-politicas-publicas-e-governanca-corporativa/";"NÃO DEPENDENTE";0;0;"Goiás";"Centro-oeste";TRUE;FALSE;0
"GO";"Companhia Celg de Participações";"ATIVA";"ENERGIA";"SOCIEDADE DE ECONOMIA MISTA";"Não Dependente";783558914,42;37486205,48;"SIM";"SIM";"SIM";888466,76;"Não";113;21027359,49;25061326,27;0;0;0;0;0;0;"https://ri,celgpar,com/BuscaPagina,aspx?ID={41799EC4-9CB4-4F81-BC75-64087B8BE678}";"NÃO DEPENDENTE";0;0;"Goiás";"Centro-oeste";TRUE;FALSE;0
"GO";"Firminópolis Transmissão SA";"ATIVA";"ENERGIA";"SOCIEDADE DE ECONOMIA MISTA";"Não Dependente";76628909,56;4756432,61;"NÃO";"SIM";"NÃO";156757,48;"Não";10;0;1186958,8;0;0;0;0;0;0;"https://ri,celgpar,com/BuscaPagina,aspx?ID={41799EC4-9CB4-4F81-BC75-64087B8BE678}";"NÃO DEPENDENTE";0;0;"Goiás";"Centro-oeste";FALSE;FALSE;0
"GO";"Lago Azul Transmissão SA";"ATIVA";"ENERGIA";"SOCIEDADE DE ECONOMIA MISTA";"Não Dependente";51670315,48;2116812,39;"SIM";"SIM";"SIM";107797,56;"Não";4;0;698121,06;0;0;0;0;0;0;"https://ri,celgpar,com/BuscaPagina,aspx?ID={41799EC4-9CB4-4F81-BC75-64087B8BE678}";"NÃO DEPENDENTE";0;0;"Goiás";"Centro-oeste";TRUE;FALSE;0
"GO";"Agência de Fomento de Goiás SA";"ATIVA";"FINANCEIRO";"SOCIEDADE DE ECONOMIA MISTA";"Não Dependente";202753071,25;3573169,57;"SIM";"SIM";"NÃO";448712,5;"Sim";138;0;34912880,64;0;0;0;0;0;0;"https://www,goiasfomento,com/wp-content/uploads/2024/06/Carta-Anual-de-Politicas-Publicas-e-Governanca-Corporativa-2024-Ano-Base-2023-Final,pdf";"NÃO DEPENDENTE";0;0;"Goiás";"Centro-oeste";FALSE;FALSE;0
"GO";"Caixa Econômica do Estado de Goiás";"EM LIQUIDAÇÃO";"FINANCEIRO";"EMPRESA PÚBLICA";"Não Dependente";-425197217,7;0;"NÃO";"NÃO";"NÃO";0;"Não";0;0;0;0;0;0;0;0;0;NA;"NÃO DEPENDENTE";0;0;"Goiás";"Centro-oeste";FALSE;FALSE;0
"GO";"Companhia de Investimento e Parcerias do Estado de Goiás";"ATIVA";"GESTÃO DE ATIVOS";"SOCIEDADE DE ECONOMIA MISTA";"Não Dependente";224771075,02;-327241,99;"SIM";"SIM";"SIM";389991,67;"Não";46;0;10533207,78;0;0;0;0;0;40735547,38;"https://goias,gov,br/goiasparcerias/";"NÃO DEPENDENTE";0;0;"Goiás";"Centro-oeste";TRUE;FALSE;0
"GO";"Agência Goiana de Gás Canalizado SA";"ATIVA";"GÁS E DERIVADOS";"SOCIEDADE DE ECONOMIA MISTA";"Não Dependente";422532,88;-886415,29;"SIM";"SIM";"NÃO";194114,4;"Não";12;7550,09;478217,72;0;0;0;159782,1;0;368899;"https://www,goiasgas,com,br/ckfinder/userfiles/files/Carta%20de%20Governan%C3%A7a/2023%20a%202027/Carta%20Anual%20de%20Governan%C3%A7a%20Corporativa,%20exerc%C3%ADcio%202024,pdf";"NÃO DEPENDENTE";0;0;"Goiás";"Centro-oeste";FALSE;FALSE;-159782,1
"GO";"Agência Goiana de Habitação SA";"ATIVA";"HABITAÇÃO E URBANIZAÇÃO";"SOCIEDADE DE ECONOMIA MISTA";"Dependente";522204264,81;146950636,65;"SIM";"SIM";"SIM";1108154,34;"Não";400;291778988,34;67137141,86;0;312898396,06;351858350,23;0;0;8877149,13;"https://goias,gov,br/agehab/carta-anual-de-governanca-corporativa/";"DEPENDENTE";0;0;"Goiás";"Centro-oeste";TRUE;FALSE;-312898396,06
"GO";"Empresa Estadual de Processamento de Dados de Goiás";"EM LIQUIDAÇÃO";"INFORMÁTICA E TECNOLOGIA DA INFORMAÇÃO";"EMPRESA PÚBLICA";"Não Dependente";133119686,19;62664207,67;"NÃO";"SIM";"NÃO";328428,32;"Não";14;0;2669788,57;0;2609145,86;3673590,97;5e+07;5e+07;49945272,45;"http://www,administracao,go,gov,br";"NÃO DEPENDENTE";0;0;"Goiás";"Centro-oeste";FALSE;FALSE;-52609145,86
"GO";"Saneamento de Goiás SA";"ATIVA";"SANEAMENTO";"SOCIEDADE DE ECONOMIA MISTA";"Não Dependente";4596364117;621593855,36;"SIM";"SIM";"SIM";1197751,13;"Sim";6309;782274567,01;1414948617,89;92785355,31;0;0;0;0;0;"https://ri,saneago,com,br/Download,aspx?Arquivo=P4Gr3BzsOg27HPr+600Irw==&linguagem=pt";"NÃO DEPENDENTE";0;0;"Goiás";"Centro-oeste";TRUE;FALSE;92785355,31
"GO";"Indústria Química do Estado de Goiás";"ATIVA";"SAÚDE";"SOCIEDADE DE ECONOMIA MISTA";"Dependente";-47199477,87;-185231,32;"SIM";"SIM";"SIM";240497,4;"Não";244;0;38864423,3;0;74543497,37;27650145,39;0;0;16516253,32;"https://goias,gov,br/iquego/balancos-contabeis/";"DEPENDENTE";0;0;"Goiás";"Centro-oeste";TRUE;FALSE;-74543497,37
"GO";"Companhia Metropolitana de Transportes Coletivos";"ATIVA";"TRANSPORTE";"EMPRESA PÚBLICA";"Não Dependente";1465632,25;-6592973,17;"SIM";"SIM";"NÃO";267005,07;"Não";94;0;10859558,17;0;0;0;3380000;0;5870000;"https://cmtcrmg,com,br/pasta/prestacao-de-contas/";"NÃO DEPENDENTE";0;0;"Goiás";"Centro-oeste";FALSE;FALSE;-3380000
"GO";"Metrobus Transporte Coletivo SA";"ATIVA";"TRANSPORTE";"SOCIEDADE DE ECONOMIA MISTA";"Dependente";8758323,82;-1963928,77;"SIM";"SIM";"NÃO";479198,33;"Não";633;0;46402937,02;0;84446717,3;23951018,33;0;0;2024;"https://goias,gov,br/metrobus/";"DEPENDENTE";0;0;"Goiás";"Centro-oeste";FALSE;FALSE;-84446717,3
"MA";"Maranhão Parcerias";"ATIVA";"GESTÃO DE ATIVOS";"SOCIEDADE DE ECONOMIA MISTA";"Não Dependente";57554594,79;-59216926,92;"SIM";"SIM";"NÃO";566196,54;"Não";432;0;38374674,4;0;0;0;0;0;57233360,29;"https://mapa,ma,gov,br/uploads/mapa/docs/Carta_Anual_2024,pdf";"NÃO DEPENDENTE";0;0;"Maranhão";"Nordeste";FALSE;FALSE;0
"MA";"Companhia Maranhense de Gás";"ATIVA";"GÁS E DERIVADOS";"SOCIEDADE DE ECONOMIA MISTA";"Não Dependente";7920000;24465519,67;"SIM";"SIM";"NÃO";304971,12;"Sim";76;53078051,32;6263172,98;1349754,6;0;0;0;0;0;"https://www,gasmar,com,br/carta-anual-de-governanca";"NÃO DEPENDENTE";0;0;"Maranhão";"Nordeste";FALSE;FALSE;1349754,6
"MA";"Empresa Maranhense de Administração Portuária";"ATIVA";"PORTOS E HIDROVIAS";"EMPRESA PÚBLICA";"Não Dependente";960599571,83;85242915,69;"SIM";"SIM";"SIM";936063,44;"Sim";578;136340021,81;118005030,55;0;0;0;0;0;5e+06;"https://www,portodoitaqui,com/emap/carta-anual";"NÃO DEPENDENTE";0;0;"Maranhão";"Nordeste";TRUE;FALSE;0
"MA";"Companhia de Saneamento Ambiental do Maranhão";"ATIVA";"SANEAMENTO";"SOCIEDADE DE ECONOMIA MISTA";"Não Dependente";4588844439,5;-422274077,96;"SIM";"SIM";"SIM";38654,37;"Não";2085;44331819,74;502653429,12;0;0;0;143586647,4;137950485,71;143586647,4;"https://www,caema,ma,gov,br/index,php/a-caema/governanca/carta-anual";"NÃO DEPENDENTE";0;0;"Maranhão";"Nordeste";TRUE;FALSE;-143586647,4
"MA";"Empresa Maranhense de Serviços Hospitalares";"ATIVA";"SAÚDE";"EMPRESA PÚBLICA";"Não Dependente";682843299,2;-89943597,79;"SIM";"SIM";"SIM";357403,74;"Não";17719;1982224,1;930032581,68;0;0;0;0;0;0;"https://www,emserh,ma,gov,br/wp-content/uploads/2025/05/RELATORIO_ANUAL_DA_ADMINISTRACAO_2024,pdf";"NÃO DEPENDENTE";0;0;"Maranhão";"Nordeste";TRUE;FALSE;0
"MT";"MT PAR CONCESSOES SA subsidiaria";"ATIVA";"DESENVOLVIMENTO REGIONAL";"SOCIEDADE DE ECONOMIA MISTA";"Dependente";5e+06;0;"SIM";"SIM";"NÃO";0;"Não";0;0;0;0;0;0;0;0;0;"-";"DEPENDENTE";0;0;"Mato Grosso";"Centro-oeste";FALSE;FALSE;0
"MT";"AGÊNCIA DE FOMENTO DO ESTADO DE MATO GROSSO SA";"ATIVA";"FINANCEIRO";"SOCIEDADE DE ECONOMIA MISTA";"Não Dependente";219285;4919619;"SIM";"SIM";"NÃO";265490;"Não";96;4068;1201752;0;0;0;0;78580936,79;0;"-";"NÃO DEPENDENTE";0;0;"Mato Grosso";"Centro-oeste";FALSE;FALSE;0
"MT";"MT PARTICIPAÇÕES E PROJETOS SA holding";"ATIVA";"GESTÃO DE ATIVOS";"SOCIEDADE DE ECONOMIA MISTA";"Dependente";1238329036,54;38357340,44;"SIM";"SIM";"NÃO";464500,76;"Não";226;53312410,11;1676736,39;0;392423949,08;14992000,84;0;856786746,74;0;"https://www,mtpar,mt,gov,br/cartaanual";"DEPENDENTE";0;0;"Mato Grosso";"Centro-oeste";FALSE;FALSE;-392423949,08
"MT";"COMPANHIA MATOGROSSENSE DE GAS";"ATIVA";"GÁS E DERIVADOS";"SOCIEDADE DE ECONOMIA MISTA";"Dependente";0;0;"SIM";"SIM";"NÃO";328577,76;"Não";21;852340,08;4524613,93;0;113581,49;8011265,49;0;0;0;"-";"DEPENDENTE";0;0;"Mato Grosso";"Centro-oeste";FALSE;FALSE;-113581,49
"MT";"EMPRESA MATOGROSSENSE DE TECNOLOGIA DA INFORMAÇÃO";"ATIVA";"INFORMÁTICA E TECNOLOGIA DA INFORMAÇÃO";"EMPRESA PÚBLICA";"Dependente";100381544,69;2196138,02;"SIM";"SIM";"NÃO";516329,84;"Não";397;55079369,64;105697124,4;0;123713622,3;117747282,2;0;4e+06;9399850,97;"https://www,mti,mt,gov,br/documents/2458894/0/Carta%202025,pdf/d3c48823-c553-a181-3b1e-3f056d46ecf9";"DEPENDENTE";0;0;"Mato Grosso";"Centro-oeste";FALSE;FALSE;-123713622,3
"MT";"COMPANHIA MATOGROSSENSE DE MINERAÇÃO";"EM LIQUIDAÇÃO";"MINERAÇÃO";"SOCIEDADE DE ECONOMIA MISTA";"Dependente";33761392,76;-6844361;"SIM";"SIM";"NÃO";94063,76;"Não";108;1162596;23939272,85;0;77666491;38369237;0;298165;0;"-";"DEPENDENTE";0;0;"Mato Grosso";"Centro-oeste";FALSE;FALSE;-77666491
"MT";"CONCESSIONARIA ROTA DO OESTE SA subsidiaria";"ATIVA";"OUTROS";"SOCIEDADE DE ECONOMIA MISTA";"Não Dependente";2715197000;344203000;"SIM";"SIM";"NÃO";0;"Sim";988;1196770000;72706000;0;0;0;5,1e+08;6,9e+08;3,5e+08;"-";"NÃO DEPENDENTE";0;0;"Mato Grosso";"Centro-oeste";FALSE;FALSE;-5,1e+08
"MT";"EMPRESA MATOGROSSENSE DE PESQUISA ASSISTÊNCIA TÉCNICA E EXTENSÃO RURAL";"ATIVA";"PESQUISA E ASSISTÊNCIA TÉCNICA AGROPECUÁRIA";"EMPRESA PÚBLICA";"Dependente";103203565,26;3510344,61;"SIM";"SIM";"NÃO";408008,49;"Não";418;3062369,86;127547925,81;0;145339209,14;185017057,93;0;0;0;"-";"DEPENDENTE";0;0;"Mato Grosso";"Centro-oeste";FALSE;FALSE;-145339209,14
"MT";"TERMINAL PORTUARIO DE CACERES SA subsidiaria";"ATIVA";"PORTOS E HIDROVIAS";"SOCIEDADE DE ECONOMIA MISTA";"Dependente";1e+06;0;"SIM";"SIM";"NÃO";0;"Não";0;0;0;0;0;0;0;0;0;"-";"DEPENDENTE";0;0;"Mato Grosso";"Centro-oeste";FALSE;FALSE;0
"MT";"COMPANHIA DE SANEAMENTO DO ESTADO DE MATO GROSSO";"EM LIQUIDAÇÃO";"SANEAMENTO";"SOCIEDADE DE ECONOMIA MISTA";"Dependente";7260371,88;-13857395,01;"SIM";"SIM";"NÃO";339751,8;"Não";8;0;1761866,61;0;21542319,47;23683899,27;0;0;0;"-";"DEPENDENTE";0;0;"Mato Grosso";"Centro-oeste";FALSE;FALSE;-21542319,47
"MT";"MT PARQUES SA subsidiaria";"ATIVA";"TURISMO";"SOCIEDADE DE ECONOMIA MISTA";"Dependente";5500000;0;"SIM";"SIM";"NÃO";0;"Não";0;0;0;0;0;0;0;0;0;"-";"DEPENDENTE";0;0;"Mato Grosso";"Centro-oeste";FALSE;FALSE;0
"MS";"CENTRAIS DE ABASTECIMENTO DE MATO GROSSO DO SUL SA  CEASAMS";"ATIVA";"ABASTECIMENTO DE ALIMENTOS E OUTROS INSUMOS";"SOCIEDADE DE ECONOMIA MISTA";"Não Dependente";3170620,97;887475,99;"SIM";"SIM";"NÃO";73976,48;"Não";56;4055355,13;2165434,97;0;0;0;0;0;0;NA;"NÃO DEPENDENTE";0;0;"Mato Grosso do Sul";"Centro-oeste";FALSE;FALSE;0
"MS";"EMPRESA DE SERVIÇOS AGROPECUÁRIOS DE MS  AGROSUL";"EM LIQUIDAÇÃO";"ABASTECIMENTO DE ALIMENTOS E OUTROS INSUMOS";"EMPRESA PÚBLICA";"Dependente";-1184642144,13;-85216056,49;"NÃO";"SIM";"NÃO";0;"Não";0;0;0;0;0;0;0;0;0;NA;"DEPENDENTE";0;0;"Mato Grosso do Sul";"Centro-oeste";FALSE;FALSE;0
"MS";"LOTESUL  LOTERIAL ESTADUAL DE MS";"ATIVA";"FINANCEIRO";"EMPRESA PÚBLICA";"Não Dependente";0;0;"NÃO";"NÃO";"NÃO";0;"Não";0;0;0;0;0;0;0;0;0;NA;"NÃO DEPENDENTE";0;0;"Mato Grosso do Sul";"Centro-oeste";FALSE;FALSE;0
"MS";"COMPANHIA DE GAS DO ESTADO DE MATO GROSSO DO SUL";"ATIVA";"GÁS E DERIVADOS";"SOCIEDADE DE ECONOMIA MISTA";"Não Dependente";188683337,38;43489794,69;"SIM";"SIM";"SIM";533402,72;"Sim";114;29146880,55;26407633,7;29365700,05;0;0;0;0;0;NA;"NÃO DEPENDENTE";0;0;"Mato Grosso do Sul";"Centro-oeste";TRUE;FALSE;29365700,05
"MS";"EMPRESA DE GESTÃO DE RECURSOS MINERAIS  MS MINERAL";"ATIVA";"MINERAÇÃO";"EMPRESA PÚBLICA";"Dependente";1002194,11;-138579,05;"SIM";"SIM";"NÃO";16695,84;"Não";11;0;201250,05;0;0;0;0;0;0;NA;"DEPENDENTE";0;0;"Mato Grosso do Sul";"Centro-oeste";FALSE;FALSE;0
"MS";"EMPRESA DE SANEAMENTO DE MATO GROSSO DO SUL SA  SANESUL";"ATIVA";"SANEAMENTO";"SOCIEDADE DE ECONOMIA MISTA";"Não Dependente";1236679607,96;90586784,7;"SIM";"SIM";"SIM";508603,9;"Sim";1307;236421341,36;219335241,82;0;0;0;77351959,79;75178884,19;0;"https://www,sanesul,ms,gov,br/Content/upload/Carta-Anual-de-Politicas-e-Governanca-Corporativa-2023,pdf";"NÃO DEPENDENTE";0;0;"Mato Grosso do Sul";"Centro-oeste";TRUE;FALSE;-77351959,79
"MG";"EMPRESA MINEIRA DE COMUNICAÇÃO LTDA  EMC";"ATIVA";"COMUNICAÇÃO";"EMPRESA PÚBLICA";"Dependente";33255645,83;829328,57;"SIM";"SIM";"NÃO";198763,52;"Não";150;0;16963572,14;0;27634969,63;18586987,04;0;0;0;"Cartas";"DEPENDENTE";0;0;"Minas Gerais";"Sudeste";FALSE;FALSE;-27634969,63
"MG";"COMPANHIA DE DESENVOLVIMENTO DE MINAS GERAIS  CODEMGE";"ATIVA";"DESENVOLVIMENTO REGIONAL";"EMPRESA PÚBLICA";"Não Dependente";2080285686,82;891168243,77;"SIM";"SIM";"SIM";952462,04;"Sim";441;8674651,71;114565231,13;681808320,33;0;0;0;0;0;"http://www,codemge,com,br/a-codemge/governanca/";"NÃO DEPENDENTE";0;0;"Minas Gerais";"Sudeste";TRUE;FALSE;681808320,33
"MG";"COMPANHIA DE DESENVOLVIMENTO ECONÔMICO DE MINAS GERAIS  CODEMIG";"ATIVA";"DESENVOLVIMENTO REGIONAL";"SOCIEDADE DE ECONOMIA MISTA";"Não Dependente";618798417,39;1732350393,18;"SIM";"SIM";"SIM";0;"Não";0;0;7857111,88;755051997,47;0;0;0;0;0;"http://www,codemig,com,br/a-codemig/governanca/";"NÃO DEPENDENTE";0;0;"Minas Gerais";"Sudeste";TRUE;FALSE;755051997,47
"MG";"COMPANHIA ENERGÉTICA DE MINAS GERAIS  CEMIG ";"ATIVA";"ENERGIA";"SOCIEDADE DE ECONOMIA MISTA";"Não Dependente";27383079000;7119287000;"SIM";"SIM";"SIM";1760465,45;"Sim";28173;5713680000;5695982000;774546699,61;0;0;0;0;0;"https://www,cemig,com,br/wp-content/uploads/2025/05/carta-politicas-publicas-2024,pdf";"NÃO DEPENDENTE";0;0;"Minas Gerais";"Sudeste";TRUE;FALSE;774546699,61
"MG";"BANCO DE DESENVOLVIMENTO DE MINAS GERAIS SA  BDMG";"ATIVA";"FINANCEIRO";"EMPRESA PÚBLICA";"Não Dependente";2263664144,65;134545295,6;"SIM";"SIM";"SIM";600253;"Sim";540;21622577,3;207437223,37;69436124,19;0;0;0;0;0;"https://www,bdmg,mg,gov,br/wp-content/uploads/2025/05/Carta-Anual-de-PP-e-GC,Versao-final-CAD,pdf";"NÃO DEPENDENTE";0;0;"Minas Gerais";"Sudeste";TRUE;FALSE;69436124,19
"MG";"MINAS GERAIS ADMINISTRAÇÃO E SERVIÇOS SA  MGS";"ATIVA";"GESTÃO DE ATIVOS";"EMPRESA PÚBLICA";"Não Dependente";210778487,74;87388294,44;"SIM";"SIM";"SIM";578233,28;"Sim";33373;5804708,68;55760382,45;66773167,84;0;0;0;0;0;"https://www,mgs,srv,br/detalhe-da-materia/info/cartas-anuais/16767";"NÃO DEPENDENTE";0;0;"Minas Gerais";"Sudeste";TRUE;FALSE;66773167,84
"MG";"MINAS GERAIS PARTICIPAÇÕES SA  MGI";"ATIVA";"GESTÃO DE ATIVOS";"SOCIEDADE DE ECONOMIA MISTA";"Não Dependente";1248280389,54;37554565,05;"SIM";"SIM";"SIM";341318,03;"Não";87;0;14628163;0;0;0;0;75200578,47;0;"https://www,mgipar,com,br/governanca/PoliticasPublicasEGovernancas";"NÃO DEPENDENTE";0;0;"Minas Gerais";"Sudeste";TRUE;FALSE;0
"MG";"COMPANHIA DE GÁS DE MINAS GERAIS  GASMIG";"ATIVA";"GÁS E DERIVADOS";"SOCIEDADE DE ECONOMIA MISTA";"Não Dependente";1231157903,18;497906912,35;"SIM";"SIM";"SIM";815264,41;"Sim";314;358433565,97;93762518,14;524647823,12;0;0;0;0;0;"https://api,mziq,com/mzfilemanager/v2/d/f991396d-aa51-4366-b93d-af70a51d7b15/7c093c09-7c01-1933-d794-782d358ffae1?origin=1";"NÃO DEPENDENTE";0;0;"Minas Gerais";"Sudeste";TRUE;FALSE;524647823,12
"MG";"COMPANHIA DE HABITAÇÃO DO ESTADO DE MINAS GERAIS  COHAB MINAS";"ATIVA";"HABITAÇÃO E URBANIZAÇÃO";"SOCIEDADE DE ECONOMIA MISTA";"Não Dependente";-345896366,66;-45750000;"SIM";"SIM";"NÃO";273888,04;"Não";174;0;42323554,59;0;0;0;57860465;16673866,23;69712750,65;"http://200,198,20,180/wp-content/uploads/2025/04/5-Carta-Anual-de-Politicas-Publicas-e-Governanca-Corporativa-2024-2025,pdf";"NÃO DEPENDENTE";0;0;"Minas Gerais";"Sudeste";FALSE;FALSE;-57860465
"MG";"COMPANHIA DE TECNOLOGIA DA INFORMAÇÃO DO ESTADO DE MINAS GERAIS  PRODEMGE";"ATIVA";"INFORMÁTICA E TECNOLOGIA DA INFORMAÇÃO";"SOCIEDADE DE ECONOMIA MISTA";"Não Dependente";156642005,98;37565212,81;"SIM";"SIM";"SIM";553123,18;"Sim";1333;14581738,32;221076443,03;52189765,8;0;0;0;0;0;"https://www,prodemge,gov,br/governanca/carta-anual";"NÃO DEPENDENTE";0;0;"Minas Gerais";"Sudeste";TRUE;FALSE;52189765,8
"MG";"EMPRESA DE ASSISTÊNCIA TÉCNICA E EXTENSAO RURAL DO ESTADO DE MINAS GERAIS  EMATERMG";"ATIVA";"PESQUISA E ASSISTÊNCIA TÉCNICA AGROPECUÁRIA";"EMPRESA PÚBLICA";"Dependente";73638884,34;-13963005,26;"SIM";"SIM";"NÃO";398892,78;"Não";1865;20355152;319609028,09;0;232902830,65;219808184,54;0;0;0;"https://www,emater,mg,gov,br/doc/REL_ATIVIDADE/relatorio_de_administracao_2024,pdf";"DEPENDENTE";0;0;"Minas Gerais";"Sudeste";FALSE;FALSE;-232902830,65
"MG";"EMPRESA DE PESQUISA AGROPECUÁRIA DE MINAS GERAIS  EPAMIG";"ATIVA";"PESQUISA E ASSISTÊNCIA TÉCNICA AGROPECUÁRIA";"EMPRESA PÚBLICA";"Dependente";70576911,63;2487805,84;"SIM";"SIM";"NÃO";361782,88;"Não";844;11875469,06;95798379,12;0;118790786,05;113599676,16;0;0;0;"https://www,epamig,br/institucional/carta-de-governanca-e-politicas-publicas-epamig/";"DEPENDENTE";0;0;"Minas Gerais";"Sudeste";FALSE;FALSE;-118790786,05
"MG";"COMPANHIA DE SANEAMENTO DE MINAS GERAIS  COPASA MG";"ATIVA";"SANEAMENTO";"SOCIEDADE DE ECONOMIA MISTA";"Não Dependente";8048228646,26;1316920190,06;"SIM";"SIM";"SIM";1425200,93;"Sim";9613;1938860917,96;1733868046,7;689867090,22;0;0;0;0;0;"https://api,mziq,com/mzfilemanager/v2/d/8bdb3906-0618-4e78-bbe3-a0be9f02d8cc/a7009a9b-f55f-b849-0b93-adf0fca37706?origin=2";"NÃO DEPENDENTE";0;0;"Minas Gerais";"Sudeste";TRUE;FALSE;689867090,22
"MG";"COPASA SERVIÇOS DE SANEAMENTO INTEGRADO DO NORTE E NORDESTE DE MINAS GERAIS SA  COPANOR";"ATIVA";"SANEAMENTO";"SOCIEDADE DE ECONOMIA MISTA";"Não Dependente";312524386,83;-9505323,09;"NÃO";"SIM";"NÃO";112818,8;"Não";490;46049968,92;29245429,2;0;0;0;0;0;0;"https://api,mziq,com/mzfilemanager/v2/d/8bdb3906-0618-4e78-bbe3-a0be9f02d8cc/a7009a9b-f55f-b849-0b93-adf0fca37706?origin=3";"NÃO DEPENDENTE";0;0;"Minas Gerais";"Sudeste";FALSE;FALSE;0
"MG";"TREM METROPOLITANO DE BELO HORIZONTE SA  METROMINAS";"ATIVA";"TRANSPORTE";"EMPRESA PÚBLICA";"Não Dependente";9507;-80681;"SIM";"SIM";"NÃO";0;"Não";0;0;0;0;0;0;66480,18;0;0;"https://www,gov,br/centraldebalancos/#/demonstracao-publicada/197448";"NÃO DEPENDENTE";0;0;"Minas Gerais";"Sudeste";FALSE;FALSE;-66480,18
"PR";"Centrais de Abastecimento do Paraná SA";"ATIVA";"ABASTECIMENTO DE ALIMENTOS E OUTROS INSUMOS";"SOCIEDADE DE ECONOMIA MISTA";"Não Dependente";192345753,59;1805000;"SIM";"SIM";"NÃO";402787,01;"Não";153;18812544,14;24508879,04;0;0;0;23200000;0;0;"https://www,ceasa,pr,gov,br/Pagina/Governanca-Corporativa";"NÃO DEPENDENTE";0;0;"Paraná";"Sul";FALSE;FALSE;-23200000
"PR";"Agência de Fomento do Paraná SA";"ATIVA";"FINANCEIRO";"SOCIEDADE DE ECONOMIA MISTA";"Não Dependente";2757579997,77;198518432,02;"SIM";"SIM";"SIM";514241,76;"Sim";158;617246,23;46350498,71;10603140,51;0;0;608325000;133027000;0;"https://www,fomento,pr,gov,br/sites/default/arquivos_restritos/files/documento/2025-03/carta_anual_governanca_2023_1,pdf";"NÃO DEPENDENTE";0;0;"Paraná";"Sul";TRUE;FALSE;-597721859,49
"PR";"Companhia de Habitação do Paraná";"ATIVA";"HABITAÇÃO E URBANIZAÇÃO";"SOCIEDADE DE ECONOMIA MISTA";"Dependente";1139847792,77;-47337285,97;"SIM";"SIM";"NÃO";667236,96;"Não";414;81993439,56;100210156,51;0;96094734,29;95093162,6;0;0;412791989,88;NA;"DEPENDENTE";0;0;"Paraná";"Sul";FALSE;FALSE;-96094734,29
"PR";"Companhia de Tecnologia da Informação e Comunicação do Paraná";"ATIVA";"INFORMÁTICA E TECNOLOGIA DA INFORMAÇÃO";"SOCIEDADE DE ECONOMIA MISTA";"Não Dependente";538445587;338988220;"SIM";"SIM";"SIM";425858,56;"Não";1257;61518758;229230174;19307859;0;0;0;0;0;"https://www,celepar,pr,gov,br/sites/celepar/arquivos_restritos/files/documento/2025-05/cartaanualdegovernancaexercicio2024,pdf";"NÃO DEPENDENTE";0;0;"Paraná";"Sul";TRUE;FALSE;19307859
"PR";"Administração dos Portos de Paranaguá e Antonina";"ATIVA";"PORTOS E HIDROVIAS";"EMPRESA PÚBLICA";"Não Dependente";1126993688,18;121546815,67;"SIM";"SIM";"SIM";687685,04;"Não";443;117818300,08;144616993,1;0;0;0;0;0;0;"https://www,portosdoparana,pr,gov,br/sites/portos/arquivos_restritos/files/documento/2024-07/carta_de_governanca_2023_publicavel,pdf";"NÃO DEPENDENTE";0;0;"Paraná";"Sul";TRUE;FALSE;0
"PR";"Companhia de Saneamento do Paraná";"ATIVA";"SANEAMENTO";"SOCIEDADE DE ECONOMIA MISTA";"Não Dependente";10828706949,93;1545347170,4;"SIM";"SIM";"SIM";985232,71;"Sim";6047;1908907990,33;1626352971,59;84935680,39;0;0;0;0;0;"https://ri,sanepar,com,br/governanca-corporativa/praticas-de-governanca-corporativa/2024";"NÃO DEPENDENTE";0;0;"Paraná";"Sul";TRUE;FALSE;84935680,39
"PR";"Instituto de Tecnologia do Paraná";"ATIVA";"SAÚDE";"EMPRESA PÚBLICA";"Dependente";5632500,68;6593085,82;"SIM";"SIM";"NÃO";482756,69;"Não";579;34762,14;78508775,56;0;11417926,44;1749649,88;0;65973827;0;NA;"DEPENDENTE";0;0;"Paraná";"Sul";FALSE;FALSE;-11417926,44
"PR";"Estrada de Ferro Paraná Oeste SA";"ATIVA";"TRANSPORTE";"SOCIEDADE DE ECONOMIA MISTA";"Não Dependente";261722096,43;16403891,92;"SIM";"SIM";"NÃO";392962,93;"Não";153;10023222,54;11845137,72;0;0;0;7075617,79;0;44186843,33;NA;"NÃO DEPENDENTE";0;0;"Paraná";"Sul";FALSE;FALSE;-7075617,79
"PB";"Empresa Paraibana de Abastecimento e Serviços Agrícolas";"EM LIQUIDAÇÃO";"ABASTECIMENTO DE ALIMENTOS E OUTROS INSUMOS";"EMPRESA PÚBLICA";"Dependente";4338673,48;-3358877,08;"NÃO";"SIM";"NÃO";16756014,24;"Não";248;0;16756014,24;0;16757101,9;15969322,1;0;0;0;NA;"DEPENDENTE";0;0;"Paraíba";"Nordeste";FALSE;FALSE;-16757101,9
"PB";"Empresa Paraibana de Comunicação";"ATIVA";"COMUNICAÇÃO";"EMPRESA PÚBLICA";"Não Dependente";16717204,18;-2893409,2;"SIM";"SIM";"NÃO";212332;"Não";322;289171,89;17455306,48;0;0;0;2750000;4e+06;0;NA;"NÃO DEPENDENTE";0;0;"Paraíba";"Nordeste";FALSE;FALSE;-2750000
"PB";"Companhia de Desenvolvimento da Paraíba";"ATIVA";"DESENVOLVIMENTO REGIONAL";"SOCIEDADE DE ECONOMIA MISTA";"Dependente";39287802,55;1316395,09;"SIM";"SIM";"NÃO";269996,95;"Não";86;775949,86;7086166,15;0;17714731,49;8729178,5;0;0;0;NA;"DEPENDENTE";0;0;"Paraíba";"Nordeste";FALSE;FALSE;-17714731,49
"PB";"Companhia Paraibana de Gás";"ATIVA";"GÁS E DERIVADOS";"SOCIEDADE DE ECONOMIA MISTA";"Não Dependente";84966000;6823000;"SIM";"SIM";"SIM";347795,82;"Sim";81;11986000;16947000;899620,83;0;0;0;0;0;"https://pbgas,com,br/relatorios-de-administracao/";"NÃO DEPENDENTE";0;0;"Paraíba";"Nordeste";TRUE;FALSE;899620,83
"PB";"Companhia Estadual de Habitação Popular";"ATIVA";"HABITAÇÃO E URBANIZAÇÃO";"SOCIEDADE DE ECONOMIA MISTA";"Dependente";0;0;"SIM";"SIM";"NÃO";406026,23;"Não";237;31260219,86;17305120,89;0;56120836,14;53199465,78;5211746,28;22343838,7;10059079;NA;"DEPENDENTE";0;0;"Paraíba";"Nordeste";FALSE;FALSE;-61332582,42
"PB";"Companhia de Processamento de Dados da Paraíba";"ATIVA";"INFORMÁTICA E TECNOLOGIA DA INFORMAÇÃO";"SOCIEDADE DE ECONOMIA MISTA";"Não Dependente";2961125,38;-2702694,82;"SIM";"SIM";"NÃO";421382,73;"Não";221;0;38896221,34;0;0;0;0;0;0;NA;"NÃO DEPENDENTE";0;0;"Paraíba";"Nordeste";FALSE;FALSE;0
"PB";"Companhia de Desenvolvimento de Recursos Minerais da Paraíba";"EM LIQUIDAÇÃO";"MINERAÇÃO";"SOCIEDADE DE ECONOMIA MISTA";"Dependente";0;0;"NÃO";"SIM";"NÃO";0;"Não";0;0;0;0;0;0;0;0;0;NA;"DEPENDENTE";0;0;"Paraíba";"Nordeste";FALSE;FALSE;0
"PB";"Empresa Estadual de Pesquisa Agropecuária";"EM LIQUIDAÇÃO";"PESQUISA E ASSISTÊNCIA TÉCNICA AGROPECUÁRIA";"EMPRESA PÚBLICA";"Dependente";4184852;-316471;"SIM";"SIM";"NÃO";0;"Não";0;0;0;0;0;0;0;0;791511;NA;"DEPENDENTE";0;0;"Paraíba";"Nordeste";FALSE;FALSE;0
"PB";"Empresa Paraibana de Pesquisa Extensão Rural e Regularização Fundiária";"ATIVA";"PESQUISA E ASSISTÊNCIA TÉCNICA AGROPECUÁRIA";"EMPRESA PÚBLICA";"Dependente";4007991,65;219175,3;"SIM";"SIM";"NÃO";323872,7;"Não";961;1178579,28;104379480,6;0;0;0;0;0;0;"https://empaer,pb,gov,br/servicos";"DEPENDENTE";0;0;"Paraíba";"Nordeste";FALSE;FALSE;0
"PB";"Empresa de Assistência Técnica e Extensão Rural da Paraíba";"EM LIQUIDAÇÃO";"PESQUISA E ASSISTÊNCIA TÉCNICA AGROPECUÁRIA";"EMPRESA PÚBLICA";"Dependente";1228,06;-19402,22;"NÃO";"SIM";"NÃO";0;"Não";0;0;0;0;0;0;0;0;0;NA;"DEPENDENTE";0;0;"Paraíba";"Nordeste";FALSE;FALSE;0
"PB";"Companhia Docas da Paraíba";"ATIVA";"PORTOS E HIDROVIAS";"SOCIEDADE DE ECONOMIA MISTA";"Não Dependente";151483230;1120953;"SIM";"SIM";"SIM";462272,31;"Não";111;38632838,35;8553631,9;0;0;0;2,8e+07;72927041,75;0;NA;"NÃO DEPENDENTE";0;0;"Paraíba";"Nordeste";TRUE;FALSE;-2,8e+07
"PB";"Companhia de Água e Esgotos da Paraíba";"ATIVA";"SANEAMENTO";"SOCIEDADE DE ECONOMIA MISTA";"Não Dependente";5919927533,34;231020423,91;"SIM";"SIM";"SIM";868978,84;"Não";2590;248497647,08;516953836,91;0;0;0;124326481,62;35337622,74;101950388,91;"https://www,cagepa,pb,gov,br/carta-anual/";"NÃO DEPENDENTE";0;0;"Paraíba";"Nordeste";TRUE;FALSE;-124326481,62
"PB";"Laboratório Industrial Farmacêutico do Estado da Paraíba SA";"ATIVA";"SAÚDE";"SOCIEDADE DE ECONOMIA MISTA";"Dependente";1091926,05;-338992,67;"SIM";"SIM";"NÃO";99157,36;"Não";12;0;2178445;0;2198996,42;1380268,26;0;0;0;NA;"DEPENDENTE";0;0;"Paraíba";"Nordeste";FALSE;FALSE;-2198996,42
"PB";"Empresa Paraibana de Turismo SA";"ATIVA";"TURISMO";"SOCIEDADE DE ECONOMIA MISTA";"Dependente";1636687,92;-674246,11;"SIM";"SIM";"NÃO";188355,94;"Não";41;0;2485136,65;0;8234861,48;6418997,85;0;0;0;"https://www,pbtur,pb,gov,br/";"DEPENDENTE";0;0;"Paraíba";"Nordeste";FALSE;FALSE;-8234861,48
"PB";"PBTUR Hotéis SA";"ATIVA";"TURISMO";"SOCIEDADE DE ECONOMIA MISTA";"Dependente";-28930827,36;-36950434,45;"SIM";"SIM";"NÃO";21766,11;"Não";1;0;64395,21;0;131072,58;137235,98;0;0;701977,56;"https://www,pbtur,pb,gov,br/";"DEPENDENTE";0;0;"Paraíba";"Nordeste";FALSE;FALSE;-131072,58
"PA";"CENTRAIS DE ABASTECIMENTO DO PARÁ SA";"ATIVA";"ABASTECIMENTO DE ALIMENTOS E OUTROS INSUMOS";"SOCIEDADE DE ECONOMIA MISTA";"Dependente";-17175189,01;-1214479,29;"SIM";"SIM";"SIM";7705774,29;"Não";80;0;7705774,29;0;19765292,32;20533029,77;0;0;0;NA;"DEPENDENTE";0;0;"Pará";"Norte";TRUE;FALSE;-19765292,32
"PA";"COMP ADM DA ZONA DE PROCESSAMNETO DE EXP DE BARCARENA";"ATIVA";"DESENVOLVIMENTO REGIONAL";"SOCIEDADE DE ECONOMIA MISTA";"Não Dependente";24842900,49;52628,13;"SIM";"SIM";"NÃO";0;"Não";0;0;0;0;0;0;0;0;15512125;"https://www,codec,pa,gov,br/wp-content/uploads/2024/04/Carta-Anual-de-Politicas-Publicas-e-Governanca-Corpor";"NÃO DEPENDENTE";0;0;"Pará";"Norte";FALSE;FALSE;0
"PA";"COMP DE DESENVOLVIMENTO ECONÔMICO DO PARÁ";"ATIVA";"DESENVOLVIMENTO REGIONAL";"SOCIEDADE DE ECONOMIA MISTA";"Dependente";69090105,77;7750703,93;"SIM";"SIM";"NÃO";343295,27;"Não";59;87291,85;7987558,16;0;5210027,58;5296978;0;0;0;"https://www,codec,pa,gov,br/wp-content/uploads/2024/04/Carta-Anual-de-Politicas-Publicas-e-Governanca-Corpor";"DEPENDENTE";0;0;"Pará";"Norte";FALSE;FALSE;-5210027,58
"PA";"BANCO DO ESTADO DO PARÁ";"ATIVA";"FINANCEIRO";"SOCIEDADE DE ECONOMIA MISTA";"Não Dependente";2106279880,31;368068562,89;"SIM";"SIM";"SIM";603867,88;"Sim";2677;137280294,1;444038096,84;172797599,81;0;0;0;0;0;"https://api,mziq,com/mzfilemanager/v2/d/ad376861-25c2-483f-915c-157a43ebd1eb/e77b4d98-1397-6186-0a86-3bd9a17ba7f4?origin=1";"NÃO DEPENDENTE";0;0;"Pará";"Norte";TRUE;FALSE;172797599,81
"PA";"COMPANHIA DE GÁS DO PARÁ";"ATIVA";"GÁS E DERIVADOS";"SOCIEDADE DE ECONOMIA MISTA";"Não Dependente";36663898,4;36486626,58;"SIM";"SIM";"NÃO";338259,34;"Não";31;5454382,99;7998229,77;0;0;0;0;0;0;"https://www,gasdopara,com,br/transparencia-publica/normativos-internos";"NÃO DEPENDENTE";0;0;"Pará";"Norte";FALSE;FALSE;0
"PA";"COMPANHIA DE HABITAÇÃO DO ESTADO DO PARÁ";"ATIVA";"HABITAÇÃO E URBANIZAÇÃO";"SOCIEDADE DE ECONOMIA MISTA";"Dependente";103353343,09;64618631,94;"SIM";"SIM";"NÃO";365222,73;"Não";162;0;39016042,96;0;96036530,83;87776138,43;0;0;0;"https://www,cohab,pa,gov,br/sites/default/files/cohab-pa_relatorio_de_gestao_2024,pdf";"DEPENDENTE";0;0;"Pará";"Norte";FALSE;FALSE;-96036530,83
"PA";"EMPRESA DE PROCESSAMNETO DE DADOS";"ATIVA";"INFORMÁTICA E TECNOLOGIA DA INFORMAÇÃO";"EMPRESA PÚBLICA";"Dependente";93654453,85;-3840412,37;"SIM";"SIM";"NÃO";532452,14;"Não";298;34231846,19;74099417,95;0;100183598,5;92078748,61;29081412,99;0;0;NA;"DEPENDENTE";0;0;"Pará";"Norte";FALSE;FALSE;-129265011,49
"PA";"EMPRESA DE ASSITÊNCIA TÉCNICA E EXTENSÃO RURAL";"ATIVA";"PESQUISA E ASSISTÊNCIA TÉCNICA AGROPECUÁRIA";"EMPRESA PÚBLICA";"Dependente";1145683,94;7234508,18;"SIM";"SIM";"NÃO";229270,92;"Não";895;0;133427539,84;0;161010046,71;162793879,8;0;0;0;"https://www,emater,pa,gov,br/storage/app/media/4_%20CARTA%20ANUAL2022,pdf";"DEPENDENTE";0;0;"Pará";"Norte";FALSE;FALSE;-161010046,71
"PA";"COMPANHIA DE PORTOS E HIDROVIAS DO ESTADO DO PARÁ";"ATIVA";"PORTOS E HIDROVIAS";"EMPRESA PÚBLICA";"Dependente";216525127,71;270414783,73;"SIM";"SIM";"NÃO";3256160,72;"Não";20;0;3621453,2;0;22162938,52;34885831,31;0;0;0;NA;"DEPENDENTE";0;0;"Pará";"Norte";FALSE;FALSE;-22162938,52
"PA";"COMPANHIA DE SANEAMENTO DO PARÁ";"ATIVA";"SANEAMENTO";"SOCIEDADE DE ECONOMIA MISTA";"Não Dependente";1414791666,26;-304884941,61;"SIM";"SIM";"SIM";286193,03;"Não";1303;0;279616275,04;0;0;0;178010391,4;155894306,72;22911776,73;"https://ri,cosanpa,pa,gov,br/wp-content/uploads/2024/12/Carta-Anual-de-Governanca-2024,pdf";"NÃO DEPENDENTE";0;0;"Pará";"Norte";TRUE;FALSE;-178010391,4
"PE";"COMPANHIA EDITORA DE PERNAMBUCO";"ATIVA";"COMUNICAÇÃO";"SOCIEDADE DE ECONOMIA MISTA";"Não Dependente";41810448;177996;"SIM";"SIM";"NÃO";247018,42;"Não";551;2131635,27;15391808;0;0;0;0;0;0;"https://www,cepe,com,br/governanca-corporativa";"NÃO DEPENDENTE";0;0;"Pernambuco";"Nordeste";FALSE;FALSE;0
"PE";"EMPRESA PERNAMBUCO DE COMUNICAÇÃO SA";"ATIVA";"COMUNICAÇÃO";"EMPRESA PÚBLICA";"Dependente";4181649;-1109731;"SIM";"SIM";"NÃO";169000;"Não";84;22875;5431068,15;0;6241593;6013999;0;0;0;"https://www,epc,pe,gov,br/documentos/";"DEPENDENTE";0;0;"Pernambuco";"Nordeste";FALSE;FALSE;-6241593
"PE";"AGENCIA DE DESENVOLVIMENTO ECONOMICO DE PERNAMBUCO SA";"ATIVA";"DESENVOLVIMENTO REGIONAL";"SOCIEDADE DE ECONOMIA MISTA";"Não Dependente";184111853;23222481;"SIM";"SIM";"SIM";272808,9;"Sim";324;0;41068500;0;0;0;0;0;0;"https://drive,google,com/file/d/1qgTFAFYEIbJEVLS1gx8FQ4cnzW5_yQ6t/view";"NÃO DEPENDENTE";0;0;"Pernambuco";"Nordeste";TRUE;FALSE;0
"PE";"AGENCIA DE FOMENTO DO ESTADO DE PERNAMBUCO SA";"ATIVA";"FINANCEIRO";"SOCIEDADE DE ECONOMIA MISTA";"Não Dependente";65970297,58;-2495426,72;"SIM";"SIM";"NÃO";255099,33;"Não";68;0;8139000;0;0;0;0;19400000;0;"https://www,age,pe,gov,br/governancacorporativa";"NÃO DEPENDENTE";0;0;"Pernambuco";"Nordeste";FALSE;FALSE;0
"PE";"PERNAMBUCO PARTICIPAÇÕES E INVESTIMENTOS SA";"ATIVA";"GESTÃO DE ATIVOS";"SOCIEDADE DE ECONOMIA MISTA";"Dependente";-173306115,06;4730722,81;"SIM";"SIM";"NÃO";266619,12;"Não";223;82453,65;90348534,46;0;103486318,27;116576907,02;2418337,31;3411145,63;2418337,31;"https://www,perpart,pe,gov,br/images/transparencia/Carta_Anual_2024,pdf";"DEPENDENTE";0;0;"Pernambuco";"Nordeste";FALSE;FALSE;-105904655,58
"PE";"COMPANHIA PERNAMBUCANA DE GÁS";"ATIVA";"GÁS E DERIVADOS";"SOCIEDADE DE ECONOMIA MISTA";"Não Dependente";565048790;114303783;"SIM";"SIM";"SIM";427515,38;"Sim";226;149066549;52295787;10208569,54;0;0;0;0;0;"https://novo,copergas,com,br/portais/portal-da-governanca/index,php?option=com_content&view=article&id=29&Itemid=202";"NÃO DEPENDENTE";0;0;"Pernambuco";"Nordeste";TRUE;FALSE;10208569,54
"PE";"COMPANHIA ESTADUAL DE HABITAÇÃO E OBRAS";"ATIVA";"HABITAÇÃO E URBANIZAÇÃO";"SOCIEDADE DE ECONOMIA MISTA";"Dependente";21995095;-5331840;"SIM";"SIM";"NÃO";166570;"Não";339;314593792,78;15981096,14;0;343030068,45;82932230,97;0;0;0;"ENCONTRA-SE EM ELABORAÇÃO";"DEPENDENTE";0;0;"Pernambuco";"Nordeste";FALSE;FALSE;-343030068,45
"PE";"INSTITUTO AGRONÔMICO DE PERNAMBUCO";"ATIVA";"PESQUISA E ASSISTÊNCIA TÉCNICA AGROPECUÁRIA";"EMPRESA PÚBLICA";"Dependente";41529972;11684063;"SIM";"SIM";"NÃO";196274,94;"Não";1108;15335848,04;94681085,9;0;156160752,43;103554690;0;0;0;"https://site,ipa,br/transparencia/";"DEPENDENTE";0;0;"Pernambuco";"Nordeste";FALSE;FALSE;-156160752,43
"PE";"PORTO DO RECIFE SA";"ATIVA";"PORTOS E HIDROVIAS";"SOCIEDADE DE ECONOMIA MISTA";"Não Dependente";18753532,37;6260952,95;"SIM";"SIM";"NÃO";316704,47;"Não";194;1558754;25765607,3;0;0;0;0;0;0;"https://www,portodorecife,pe,gov,br/governanca-corporativa,php";"NÃO DEPENDENTE";0;0;"Pernambuco";"Nordeste";FALSE;FALSE;0
"PE";"SUAPE  COMPLEXO INDUSTRIAL PORTUARIO GOVERNADOR ERALDO GUEIROS";"ATIVA";"PORTOS E HIDROVIAS";"EMPRESA PÚBLICA";"Não Dependente";3918756099,95;92770948,24;"SIM";"SIM";"SIM";422680,08;"Sim";669;114037754,78;93320372,4;0;0;0;313144,86;934607,44;0;"https://www,suape,pe,gov,br/pt/transparencia/governanca-corporativa/carta-anual-de-politicas-publicas-e-de-governanca-corporativa";"NÃO DEPENDENTE";0;0;"Pernambuco";"Nordeste";TRUE;FALSE;-313144,86
"PE";"COMPANHIA PERNAMBUCANA DE SANEAMENTO";"ATIVA";"SANEAMENTO";"SOCIEDADE DE ECONOMIA MISTA";"Não Dependente";8115054105,51;142169045,44;"SIM";"SIM";"SIM";583436,8;"Não";5711;433792011,24;756401344,7;0;0;0;92466285,93;231707574,56;92466285,93;"https://servicos,compesa,com,br/governanca/";"NÃO DEPENDENTE";0;0;"Pernambuco";"Nordeste";TRUE;FALSE;-92466285,93
"PE";"LABORATÓRIO FARMACÊUTICO DO ESTADO DE PE GOV MIGUEL ARRAES SA";"ATIVA";"SAÚDE";"SOCIEDADE DE ECONOMIA MISTA";"Não Dependente";295208486,38;22672831,97;"SIM";"SIM";"SIM";365088,53;"Sim";704;9436045;64166129,41;19130943,14;0;0;0;0;0;"https://www,lafepe,pe,gov,br/governanca";"NÃO DEPENDENTE";0;0;"Pernambuco";"Nordeste";TRUE;FALSE;19130943,14
"PE";"CONSORCIO DE TRANSPORTES DA REGIAO METROPOLITANA DO RECIFE";"ATIVA";"TRANSPORTE";"EMPRESA PÚBLICA";"Dependente";-187784489,59;7223990;"SIM";"SIM";"NÃO";333785,58;"Não";615;1431460;188440964,63;0;501792914,06;456342055,38;0;0;424300;"https://www,granderecife,pe,gov,br/institucional/governanca/instrumentos-de-governanca/";"DEPENDENTE";0;0;"Pernambuco";"Nordeste";FALSE;FALSE;-501792914,06
"PE";"EMPRESA PERNAMBUCANA DE TRANSPORTE COLETIVO INTERMUNICIPAL";"ATIVA";"TRANSPORTE";"EMPRESA PÚBLICA";"Dependente";6475642;-2187495;"SIM";"SIM";"NÃO";169000;"Não";52;193165;5244286,27;0;2813215;3545444;0;0;1e+06;"https://www,epti,pe,gov,br/carta-anual-de-politicas-publicas-e-governanca-corporativa/";"DEPENDENTE";0;0;"Pernambuco";"Nordeste";FALSE;FALSE;-2813215
"PE";"EMPRESA DE TURISMO DE PERNAMBUCO GOVERNADOR EDUARDO CAMPOS";"ATIVA";"TURISMO";"SOCIEDADE DE ECONOMIA MISTA";"Dependente";234492076,09;-3448939,13;"SIM";"SIM";"NÃO";202561,42;"Não";433;488645,52;29394243,6;0;126352872,32;89764930,54;0;0;0;"https://www,empetur,pe,gov,br/transparencia/governanca-corporativa/74-transparencia/1410-carta-anual-sobre-politicas-publicas-e-governanca-corporativa";"DEPENDENTE";0;0;"Pernambuco";"Nordeste";FALSE;FALSE;-126352872,32
"PI";"Agência de Atração de Investimentos Estratégicos do Piauí SA";"ATIVA";"DESENVOLVIMENTO REGIONAL";"SOCIEDADE DE ECONOMIA MISTA";"Não Dependente";239335587,68;51574956,74;"SIM";"SIM";"SIM";209913,77;"Não";143;163540145,42;15570081,18;0;0;0;209965450,3;110973736,5;4500;NA;"NÃO DEPENDENTE";0;0;"Piauí";"Nordeste";TRUE;FALSE;-209965450,3
"PI";"COMPANHIA ADMINISTRADORA DA ZONA DE PROCESSAMENTO DE EXPORTAÇÃO DE PARNAÍBAPI SA";"ATIVA";"DESENVOLVIMENTO REGIONAL";"SOCIEDADE DE ECONOMIA MISTA";"Não Dependente";76891901,26;-11040815,94;"SIM";"SIM";"SIM";299120,37;"Não";30;41704,9;3078407,84;0;0;0;6717233,77;8924315,84;0;"https://investepiaui,com/zpe/";"NÃO DEPENDENTE";0;0;"Piauí";"Nordeste";TRUE;FALSE;-6717233,77
"PI";"AGENCIA DE FOMENTO E DESENVOLVIMENTO DO ESTADO DO PIAUI SA";"ATIVA";"FINANCEIRO";"SOCIEDADE DE ECONOMIA MISTA";"Não Dependente";77079311,62;1796764,01;"SIM";"SIM";"SIM";288512;"Não";31;0;4001351,79;0;0;0;14002800;24004800;0;"https://portal,pi,gov,br/fomento/carta-anual-de-governanca/#123-124-2023-1679469123";"NÃO DEPENDENTE";0;0;"Piauí";"Nordeste";TRUE;FALSE;-14002800
"PI";"EMPRESA DE GESTÃO DE RECURSOS DO ESTADO DO PIAUÍ SA";"ATIVA";"GESTÃO DE ATIVOS";"SOCIEDADE DE ECONOMIA MISTA";"Dependente";70207886,43;4445291,67;"SIM";"SIM";"NÃO";569824,8;"Não";688;0;86907487,27;0;124544568,1;119403742,1;0;0;131229267,6;"https://portal,pi,gov,br/emgerpi/relatorio-de-gestao/";"DEPENDENTE";0;0;"Piauí";"Nordeste";FALSE;FALSE;-124544568,1
"PI";"COMPANHIA DE GAS DO PIAUI  GASPISA";"ATIVA";"GÁS E DERIVADOS";"SOCIEDADE DE ECONOMIA MISTA";"Dependente";298494,32;-1129569,72;"SIM";"SIM";"NÃO";168098,77;"Não";8;55536,5;544264,5;0;0;0;487680;629920;2438398;"NÃO POSSUI";"DEPENDENTE";0;0;"Piauí";"Nordeste";FALSE;FALSE;-487680
"PI";"EMPRESA DE TECNOLOGIA DA INFORMAÇÃO DO PIAUÍ";"ATIVA";"INFORMÁTICA E TECNOLOGIA DA INFORMAÇÃO";"SOCIEDADE DE ECONOMIA MISTA";"Não Dependente";314994699,3;41654555,46;"SIM";"SIM";"SIM";209913,77;"Não";269;992807,27;27207227,47;0;0;0;133792106,26;16898134,09;0;"https://www,etipi,com,br/documentos/governanca";"NÃO DEPENDENTE";0;0;"Piauí";"Nordeste";TRUE;FALSE;-133792106,26
"PI";"PIAUÍ INSTITUTO DE TECNOLOGIA SA";"ATIVA";"INFORMÁTICA E TECNOLOGIA DA INFORMAÇÃO";"SOCIEDADE DE ECONOMIA MISTA";"Não Dependente";3000;-227233,61;"SIM";"SIM";"SIM";119373,1;"Não";2;0;167603,73;0;0;0;0;0;27000;NA;"NÃO DEPENDENTE";0;0;"Piauí";"Nordeste";TRUE;FALSE;0
"PI";"PIAUÍ LINK SA";"ATIVA";"INFORMÁTICA E TECNOLOGIA DA INFORMAÇÃO";"SOCIEDADE DE ECONOMIA MISTA";"Não Dependente";5e+05;-946895,88;"SIM";"SIM";"SIM";225268,58;"Não";6;0;875211,22;0;0;0;484078,45;0;0;NA;"NÃO DEPENDENTE";0;0;"Piauí";"Nordeste";TRUE;FALSE;-484078,45
"PI";"COMPANHIA DE TERMINAIS ALFANDEGADOS DO PIAUÍ  PORTO PIAUÍ";"ATIVA";"PORTOS E HIDROVIAS";"SOCIEDADE DE ECONOMIA MISTA";"Não Dependente";0;0;"SIM";"SIM";"SIM";274778,16;"Não";49;1957965,72;1968350,08;0;0;4411871,4;0;0;3e+07;NA;"NÃO DEPENDENTE";0;0;"Piauí";"Nordeste";TRUE;FALSE;0
"PI";"AGUAS E ESGOTOS DO PIAUÍ SA";"ATIVA";"SANEAMENTO";"SOCIEDADE DE ECONOMIA MISTA";"Não Dependente";-651271903,95;-104703542;"SIM";"SIM";"NÃO";65334,32;"Não";2388;1032012985;231622998;0;198060292,17;786512172;0;34408805;0;NA;"NÃO DEPENDENTE";0;0;"Piauí";"Nordeste";FALSE;FALSE;-198060292,17
"PI";"Companhia Ferroviária e Logística do Piauí";"ATIVA";"TRANSPORTE";"SOCIEDADE DE ECONOMIA MISTA";"Dependente";37930094,09;33892613,1;"SIM";"SIM";"NÃO";363070,29;"Não";71;38114624,47;10263328,23;0;7298112,02;4028882,02;0;0;0;NA;"DEPENDENTE";0;0;"Piauí";"Nordeste";FALSE;FALSE;-7298112,02
"RN";"Centrais de Abastecimento do Rio Grande do Norte SA";"ATIVA";"ABASTECIMENTO DE ALIMENTOS E OUTROS INSUMOS";"SOCIEDADE DE ECONOMIA MISTA";"Dependente";2519513;28487;"SIM";"SIM";"NÃO";346530,71;"Não";144;1009798,97;13052918,94;0;128110,1;8849565;0;0;0;"https://transparencia,ceasa,rn,gov,br/p/carta-de-servicos";"DEPENDENTE";0;0;"Rio Grande do Norte";"Nordeste";FALSE;FALSE;-128110,1
"RN";"AGENCIA DE FOMENTO DO RIO GRANDE DO NORTE SA";"ATIVA";"FINANCEIRO";"SOCIEDADE DE ECONOMIA MISTA";"Não Dependente";66565436,77;4060780,7;"SIM";"SIM";"NÃO";318087,55;"Não";80;465334,65;10985714,56;0;0;0;0;0;0;"https://novopainelapi,agnrn,com,br/public/uploads/files/68387a7ec033b,pdf";"NÃO DEPENDENTE";0;0;"Rio Grande do Norte";"Nordeste";FALSE;FALSE;0
"RN";"Empresa Gestora de Ativos  EMGERN";"ATIVA";"GESTÃO DE ATIVOS";"EMPRESA PÚBLICA";"Não Dependente";79060;0;"SIM";"SIM";"NÃO";140679,57;"Não";30;0;1310072,37;0;0;0;0;0;49900000;"http://www,adcon,rn,gov,br/ACERVO/EMGERN/DOC/DOC000000000346631,PDF";"NÃO DEPENDENTE";0;0;"Rio Grande do Norte";"Nordeste";FALSE;FALSE;0
"RN";"COMPANHIA POTIGUAR DE GÁS";"ATIVA";"GÁS E DERIVADOS";"SOCIEDADE DE ECONOMIA MISTA";"Não Dependente";124225031,56;58608385,72;"SIM";"SIM";"SIM";479928,84;"Sim";64;16281871,98;21057362,98;3819434,21;0;0;0;0;3550964,98;"https://www,potigas,com,br/storage/AcessoInformacao/Documents/2024/11/14/4n1hZyGAVd1nfSHPXa0nQch57kFkov-metaQ2FydGEgYW51YWwgZGUgUG9saXRpY2FzIGUgR292ZXJuYW5jzKdhX2NvbXByZXNzZWQucGRm-,pdf";"NÃO DEPENDENTE";0;0;"Rio Grande do Norte";"Nordeste";TRUE;FALSE;3819434,21
"RN";"CEHAB  COMPANHIA ESTADUAL DE HABITACAO E DESENVOLVIMENTO URBANO";"ATIVA";"HABITAÇÃO E URBANIZAÇÃO";"SOCIEDADE DE ECONOMIA MISTA";"Dependente";5362965,79;0;"SIM";"SIM";"NÃO";79311,57;"Não";75;0;1736730,4;0;0;0;0;0;3147492,01;"https://transparencia,cehabrn,com,br/";"DEPENDENTE";0;0;"Rio Grande do Norte";"Nordeste";FALSE;FALSE;0
"RN";"COMPANHIA DE PROCESSAMENTO DE DADOS DO RN  DATANORTE";"ATIVA";"INFORMÁTICA E TECNOLOGIA DA INFORMAÇÃO";"SOCIEDADE DE ECONOMIA MISTA";"Dependente";209165606;-923250;"SIM";"SIM";"NÃO";152676,14;"Não";55;0;2874592,67;0;2942959;3262928;310725618;310725618;0;"http://www,adcon,rn,gov,br/ACERVO/datanorte/DOC/DOC000000000351706,PDF";"DEPENDENTE";0;0;"Rio Grande do Norte";"Nordeste";FALSE;FALSE;-313668577
"RN";"EMPRESA DE PESQUISA AGROPECUÁRIA DO RN  EMPARN";"ATIVA";"PESQUISA E ASSISTÊNCIA TÉCNICA AGROPECUÁRIA";"EMPRESA PÚBLICA";"Dependente";1895913;-12057808;"SIM";"SIM";"NÃO";264916,24;"Não";165;0;16437274,03;0;16274846;18855734;0;0;202013;NA;"DEPENDENTE";0;0;"Rio Grande do Norte";"Nordeste";FALSE;FALSE;-16274846
"RN";"COMPANHIA DE AGUAS E ESGOTOS DO RIO GRANDE DO NORTE";"ATIVA";"SANEAMENTO";"SOCIEDADE DE ECONOMIA MISTA";"Não Dependente";2725392351,93;50542946,8;"SIM";"SIM";"SIM";810004,09;"Sim";2738;319959822,47;332012755,65;16457730,31;0;0;0;0;0;"https://agencia,caern,com,br/#/carta-de-servicos";"NÃO DEPENDENTE";0;0;"Rio Grande do Norte";"Nordeste";TRUE;FALSE;16457730,31
"RN";"EMPRESA POTIGUAR DE PROMOÇÃO TURÍSTICA SA";"ATIVA";"TURISMO";"SOCIEDADE DE ECONOMIA MISTA";"Dependente";-2558403;-6358403;"SIM";"SIM";"NÃO";136342,19;"Não";79;6014689,05;3989824,83;0;15406625;13008609;0;0;2e+05;"https://www,emprotur,setur,rn,gov,br/";"DEPENDENTE";0;0;"Rio Grande do Norte";"Nordeste";FALSE;FALSE;-15406625
"RS";"Centrais de Abastecimento do Rio Grande do Sul  CEASA";"ATIVA";"ABASTECIMENTO DE ALIMENTOS E OUTROS INSUMOS";"SOCIEDADE DE ECONOMIA MISTA";"Não Dependente";12702451,84;-5644337,2;"SIM";"SIM";"SIM";315191,63;"Não";467;465759,66;6354041,69;0;0;0;0;0;18122382,02;"https://ceasa,rs,gov,br/carta-anual-de-governanca-corporativa/";"NÃO DEPENDENTE";0;0;"Rio Grande do Sul";"Sul";TRUE;FALSE;0
"RS";"Companhia Estadual de Silos e Armazéns  CESA";"EM LIQUIDAÇÃO";"ABASTECIMENTO DE ALIMENTOS E OUTROS INSUMOS";"SOCIEDADE DE ECONOMIA MISTA";"Não Dependente";-544855831,86;-86771443,98;"SIM";"SIM";"NÃO";725692,78;"Não";13;0;4276378,51;0;1,7e+07;19200000;0;0;156662573,61;NA;"NÃO DEPENDENTE";0;0;"Rio Grande do Sul";"Sul";FALSE;FALSE;-1,7e+07
"RS";"BADESUL Desenvolvimento SA  Agência de FomentoRS";"ATIVA";"FINANCEIRO";"SOCIEDADE DE ECONOMIA MISTA";"Não Dependente";1008416081,07;53126424,55;"SIM";"SIM";"SIM";571938,12;"Sim";234;0;68153563;0;0;0;101336739;0;0;"https://www,badesul,com,br/transparencia#11";"NÃO DEPENDENTE";0;0;"Rio Grande do Sul";"Sul";TRUE;FALSE;-101336739
"RS";"Banco Regional de Desenvolvilmento do Extremo Sul  BRDE";"ATIVA";"FINANCEIRO";"EMPRESA PÚBLICA";"Não Dependente";4495898455,45;472452860,84;"SIM";"SIM";"SIM";828506,55;"Sim";522;3813473,77;262579991,37;0;0;0;0;0;0;"CARTA-ANUAL_2024,pdf";"NÃO DEPENDENTE";0;0;"Rio Grande do Sul";"Sul";TRUE;FALSE;0
"RS";"Banco do Estado do Rio Grande do Sul  BANRISUL";"ATIVA";"FINANCEIRO";"SOCIEDADE DE ECONOMIA MISTA";"Não Dependente";10413708000;916121000;"SIM";"SIM";"SIM";1849122,58;"Sim";9471;384066290,89;2539113000;200968077,29;0;0;0;0;0;"CARTA_ANUAL";"NÃO DEPENDENTE";0;0;"Rio Grande do Sul";"Sul";TRUE;FALSE;200968077,29
"RS";"Caixa de Administração da Dívida Pública Estadual  CADIP";"ATIVA";"GESTÃO DE ATIVOS";"SOCIEDADE DE ECONOMIA MISTA";"Não Dependente";720594627,05;-149112,4;"SIM";"SIM";"NÃO";0;"Não";3;0;0;0;0;0;5e+08;7e+08;5e+08;"Carta Anual de Governança Corporativa - CADIP - Caixa de Administração da Dívida Pública Estadual S,A,";"NÃO DEPENDENTE";0;0;"Rio Grande do Sul";"Sul";FALSE;FALSE;-5e+08
"RS";"Companhia de Processamento de Dados do Estado do RS  PROCERGS";"ATIVA";"INFORMÁTICA E TECNOLOGIA DA INFORMAÇÃO";"SOCIEDADE DE ECONOMIA MISTA";"Não Dependente";145043343,08;-16592949,24;"SIM";"SIM";"SIM";672830,52;"Não";1412;14330401,84;352939865,56;0;0;0;0;0;0;"https://www,procergs,rs,gov,br/carta-de-governanca-corporativa";"NÃO DEPENDENTE";0;0;"Rio Grande do Sul";"Sul";TRUE;FALSE;0
"RS";"Companhia Riograndense de Mineração  CRM";"ATIVA";"MINERAÇÃO";"SOCIEDADE DE ECONOMIA MISTA";"Não Dependente";290979798,9;11783663,57;"SIM";"SIM";"SIM";537533,23;"Não";372;237785,55;60392061,16;0;0;0;0;0;74989104,36;"https://admin,crm,rs,gov,br/upload/arquivos/202502/10115406-carta-anual-2023-assinada,pdf";"NÃO DEPENDENTE";0;0;"Rio Grande do Sul";"Sul";TRUE;FALSE;0
"RS";"PORTOS RS  AUTORIDADE PORTUÁRIA DOS PORTOS DO RIO GRANDE DO SUL SA";"ATIVA";"PORTOS E HIDROVIAS";"EMPRESA PÚBLICA";"Não Dependente";1594403966;-107798557;"SIM";"SIM";"SIM";345286,59;"Não";600;198479587;41286117;0;0;0;731389764;0;3905700,13;"https://www,portosrs,com,br/site/public/uploads/site/cartas/3,pdf";"NÃO DEPENDENTE";0;0;"Rio Grande do Sul";"Sul";TRUE;FALSE;-731389764
"RS";"Empresa Gaúcha de Rodovias  EGR";"ATIVA";"TRANSPORTE";"EMPRESA PÚBLICA";"Não Dependente";27105506,68;7101553,55;"SIM";"SIM";"SIM";253554,3;"Não";54;0;7827217,88;0;0;0;0;2e+07;5e+05;"https://www,egr,rs,gov,br/cartas-anuais";"NÃO DEPENDENTE";0;0;"Rio Grande do Sul";"Sul";TRUE;FALSE;0
"RJ";"CENTRAIS DE ABASTECIMENTO DO ESTADO DO RIO DE JANEIRO SA  CEASA";"ATIVA";"ABASTECIMENTO DE ALIMENTOS E OUTROS INSUMOS";"SOCIEDADE DE ECONOMIA MISTA";"Dependente";57919389,65;-1844059,14;"SIM";"SIM";"NÃO";287247,69;"Não";221;2592351;31111312,61;0;10523443,15;6856966,15;0;0;0;"informação de preenchimento não obrigatório";"DEPENDENTE";0;0;"Rio de Janeiro";"Sudeste";FALSE;FALSE;-10523443,15
"RJ";"COMPANHIA DE ARMAZÉNS E SILOS DO ESTADO DO RIO DE JANEIRO  CASERJ";"ATIVA";"ABASTECIMENTO DE ALIMENTOS E OUTROS INSUMOS";"SOCIEDADE DE ECONOMIA MISTA";"Dependente";1514590,16;-116498,37;"SIM";"SIM";"NÃO";230373,94;"Não";41;0;2850605,29;0;5639924,87;6399240,37;0;0;0;"0";"DEPENDENTE";0;0;"Rio de Janeiro";"Sudeste";FALSE;FALSE;-5639924,87
"RJ";"IMPRENSA OFICIAL DO ESTADO DO RIO DE JANEIRO";"ATIVA";"COMUNICAÇÃO";"EMPRESA PÚBLICA";"Não Dependente";64381169,65;-18820792,24;"SIM";"SIM";"SIM";0;"Não";208;0;19615380,28;0;0;0;0;0;0;NA;"NÃO DEPENDENTE";0;0;"Rio de Janeiro";"Sudeste";TRUE;FALSE;0
"RJ";"Companhia de Desenvolvimento Industrial do Estado do Rio de Janeiro  CODIN";"ATIVA";"DESENVOLVIMENTO REGIONAL";"SOCIEDADE DE ECONOMIA MISTA";"Dependente";47238243,11;492800,5;"SIM";"SIM";"SIM";296898;"Não";87;10921740;11321077,12;0;12344636,78;14213633;0;0;0;"0";"DEPENDENTE";0;0;"Rio de Janeiro";"Sudeste";TRUE;FALSE;-12344636,78
"RJ";"CENTRAIS ELETRICAS FLUMINENSES SA CELF  EM LIQUIDAÇÃO ORDINÁRIA";"EM LIQUIDAÇÃO";"ENERGIA";"SOCIEDADE DE ECONOMIA MISTA";"Não Dependente";82,93;0;"NÃO";"NÃO";"NÃO";0;"Não";0;0;0;0;754;720;0;0;0;"informação de preenchimento não obrigatório";"NÃO DEPENDENTE";0;0;"Rio de Janeiro";"Sudeste";FALSE;FALSE;-754
"RJ";"AGÊNCIA DE FOMENTO DO ESTADO DO RJ";"ATIVA";"FINANCEIRO";"SOCIEDADE DE ECONOMIA MISTA";"Não Dependente";543394273,67;6757408,44;"SIM";"SIM";"SIM";326969,03;"Sim";184;587036,36;39962417,39;0;0;0;0;0;0;NA;"NÃO DEPENDENTE";0;0;"Rio de Janeiro";"Sudeste";TRUE;FALSE;0
"RJ";"BANCO DE DESENVOLVIMENTO DO ESTADO DO RJ SA EM LIQUIDAÇÃO";"EM LIQUIDAÇÃO";"FINANCEIRO";"SOCIEDADE DE ECONOMIA MISTA";"Não Dependente";1318192,05;-230727,02;"NÃO";"NÃO";"NÃO";64000;"Não";3;0;153069,58;0;0;0;0;0;0;"texto";"NÃO DEPENDENTE";0;0;"Rio de Janeiro";"Sudeste";FALSE;FALSE;0
"RJ";"COMPANHIA FLUMINENSE DE SECURITIZAÇÃO SA EM LIQUIDAÇÃO ORDINÁRIA";"EM LIQUIDAÇÃO";"FINANCEIRO";"SOCIEDADE DE ECONOMIA MISTA";"Não Dependente";-174637,05;-2196,08;"NÃO";"NÃO";"NÃO";0;"Não";0;0;0;0;0;0;0;0;0;"0";"NÃO DEPENDENTE";0;0;"Rio de Janeiro";"Sudeste";FALSE;FALSE;0
"RJ";"DISTRIBUIDORA DE TITULOS E VALORES MOBILIARIOS DO EST DO RJ SA  EM LIQUIDAÇÃO ORDINÁRIA";"EM LIQUIDAÇÃO";"FINANCEIRO";"SOCIEDADE DE ECONOMIA MISTA";"Não Dependente";719067,5;-20866,25;"NÃO";"NÃO";"NÃO";0;"Não";0;0;0;0;0;0;0;0;0;"informação de preenchimento não obrigatório";"NÃO DEPENDENTE";0;0;"Rio de Janeiro";"Sudeste";FALSE;FALSE;0
"RJ";"COMPANHIA ESTADUAL DE HABITAÇÃO DO RIO DE JANEIRO";"ATIVA";"HABITAÇÃO E URBANIZAÇÃO";"SOCIEDADE DE ECONOMIA MISTA";"Dependente";112422565,32;-9055528,01;"SIM";"SIM";"NÃO";302412,04;"Não";340;203656729,35;59674686,28;0;326474688,86;567889086,49;0;0;0;"texto";"DEPENDENTE";0;0;"Rio de Janeiro";"Sudeste";FALSE;FALSE;-326474688,86
"RJ";"Empresa de Obras Públicas do Estado do Rio de Janeiro";"ATIVA";"HABITAÇÃO E URBANIZAÇÃO";"EMPRESA PÚBLICA";"Dependente";-57911524,62;-20605,22;"SIM";"SIM";"NÃO";423756,29;"Não";409;0;50687611,52;0;0;0;0;0;0;"informação de preenchimento não obrigatório";"DEPENDENTE";0;0;"Rio de Janeiro";"Sudeste";FALSE;FALSE;0
"RJ";"Empresa de Assistência Técnica e Extensão Rural do Etado do Rio de Janeiro  EMATERRIO";"ATIVA";"PESQUISA E ASSISTÊNCIA TÉCNICA AGROPECUÁRIA";"EMPRESA PÚBLICA";"Dependente";-317982,86;-256478,42;"SIM";"SIM";"NÃO";373000,79;"Não";558;1352756,56;106497407,96;0;154974893,5;131768902,88;0;0;0;"https://www,rj,gov,br/emater/sites/default/files/arquivos_pagina/CARTA_DE_SERVICOS_DA_EMATER_RIO,pdf";"DEPENDENTE";0;0;"Rio de Janeiro";"Sudeste";FALSE;FALSE;-154974893,5
"RJ";"Empresa de Pesquisa Agropecuária do Estado do Rio de Janeiro  PesagroRJ";"ATIVA";"PESQUISA E ASSISTÊNCIA TÉCNICA AGROPECUÁRIA";"EMPRESA PÚBLICA";"Dependente";8769758,04;0;"SIM";"SIM";"NÃO";341285,51;"Não";257;3340033,33;39507361,1;0;59778621;69922726000;0;0;0;"0";"DEPENDENTE";0;0;"Rio de Janeiro";"Sudeste";FALSE;FALSE;-59778621
"RJ";"Companhia Estadual de Águas e Esgotos  CEDAE";"ATIVA";"SANEAMENTO";"SOCIEDADE DE ECONOMIA MISTA";"Não Dependente";6138024000;708756000;"SIM";"SIM";"SIM";1465242,19;"Sim";3641;18613000;636118000;256903,11;0;0;0;0;0;"https://storage,googleapis,com/sitecedae/Governan%C3%A7a/Carta_Anual_de_Politicas_Publicas_e_Governanca_2023,pdf";"NÃO DEPENDENTE";0;0;"Rio de Janeiro";"Sudeste";TRUE;FALSE;256903,11
"RJ";"INSTITUTO VITAL BRAZIL SA";"ATIVA";"SAÚDE";"SOCIEDADE DE ECONOMIA MISTA";"Dependente";10426134,89;-6699565,65;"SIM";"SIM";"NÃO";218051,86;"Não";542;3270932,2;52861102,71;0;93252262,59;92913731,14;0;0;0;"0";"DEPENDENTE";0;0;"Rio de Janeiro";"Sudeste";FALSE;FALSE;-93252262,59
"RJ";"COMPANHIA DE TRANSPORTES COLETIVOS DO ESTADO DO RIO DE JANEIRO CTCRJ EM LIQUIDAÇÃO";"EM LIQUIDAÇÃO";"TRANSPORTE";"SOCIEDADE DE ECONOMIA MISTA";"Dependente";-5827145,69;10206,59;"NÃO";"NÃO";"NÃO";96000;"Não";5;0;363057,58;0;409967,21;479938,78;0;0;0;"texto";"DEPENDENTE";0;0;"Rio de Janeiro";"Sudeste";FALSE;FALSE;-409967,21
"RJ";"COMPANHIA DE TRANSPORTES SOBRE TRILHOS RJ";"ATIVA";"TRANSPORTE";"SOCIEDADE DE ECONOMIA MISTA";"Dependente";79205000;-7474347;"SIM";"SIM";"SIM";283790,29;"Não";207;0;1272508,76;0;117452000;69793000;0;0;0;"https://www,rj,gov,br/riotrilhos/carta_politica_publica";"DEPENDENTE";0;0;"Rio de Janeiro";"Sudeste";TRUE;FALSE;-117452000
"RJ";"COMPANHIA DO METROPOLITANO DO RIO DE JANEIRO  METRÔ EL";"EM LIQUIDAÇÃO";"TRANSPORTE";"SOCIEDADE DE ECONOMIA MISTA";"Dependente";-811391180,75;-144237772,7;"NÃO";"NÃO";"NÃO";0;"Não";0;30000;0;0;20322,36;14851,29;0;0;0;NA;"DEPENDENTE";0;0;"Rio de Janeiro";"Sudeste";FALSE;FALSE;-20322,36
"RJ";"COMPANHIA FLUMINENSE DE TRENS URBANOS  FLUMITRENS EL";"EM LIQUIDAÇÃO";"TRANSPORTE";"EMPRESA PÚBLICA";"Dependente";-1377672894,59;-158849929,86;"NÃO";"NÃO";"NÃO";0;"Não";5;6436544;420931,44;0;3405335,61;3144093,62;0;0;0;NA;"DEPENDENTE";0;0;"Rio de Janeiro";"Sudeste";FALSE;FALSE;-3405335,61
"RJ";"Companhia Estadual de Engenharia de Transportes e Logística  CENTRALRJ";"ATIVA";"TRANSPORTE";"EMPRESA PÚBLICA";"Dependente";889267626,19;-4118713,34;"SIM";"SIM";"SIM";385616,37;"Não";221;0;60733903,11;0;105836881,29;62515627,3;0;0;0;"informação de preenchimento não obrigatório";"DEPENDENTE";0;0;"Rio de Janeiro";"Sudeste";TRUE;FALSE;-105836881,29
"RJ";"Companhia de Desenvolvimento Rodoviário e Terminais do Estado do Rio de Janeiro  CODERTE";"ATIVA";"TRANSPORTE";"SOCIEDADE DE ECONOMIA MISTA";"Dependente";-82709470,35;-46139029,34;"SIM";"SIM";"NÃO";346137,05;"Não";137;20877,18;11288912,58;0;0;0;0;0;0;"0";"DEPENDENTE";0;0;"Rio de Janeiro";"Sudeste";FALSE;FALSE;0
"RJ";"Companhia de Turismo do Estado do Rio de Janeiro  TurisRio";"ATIVA";"TURISMO";"EMPRESA PÚBLICA";"Dependente";2820166,8;1993742,53;"SIM";"SIM";"NÃO";247837,62;"Não";63;0;7282708,46;0;0;0;0;0;0;"texto";"DEPENDENTE";0;0;"Rio de Janeiro";"Sudeste";FALSE;FALSE;0
"RO";"BANCO DO ESTADO DE RONDONIA SA";"EM LIQUIDAÇÃO";"FINANCEIRO";"SOCIEDADE DE ECONOMIA MISTA";"Não Dependente";0;0;"NÃO";"NÃO";"NÃO";0;"Não";0;0;0;0;0;0;0;0;0;NA;"NÃO DEPENDENTE";0;0;"Rondônia";"Norte";FALSE;FALSE;0
"RO";"COMPANHIA RONDONIENSE DE GÁS  RONGÁS";"ATIVA";"GÁS E DERIVADOS";"SOCIEDADE DE ECONOMIA MISTA";"Não Dependente";-1666608,18;385507,13;"SIM";"SIM";"NÃO";144000;"Não";1;0;321109,35;0;0;0;0;0;255000;"-";"NÃO DEPENDENTE";0;0;"Rondônia";"Norte";FALSE;FALSE;0
"RO";"COMPANHIA DE DESENVOLVIMENTO URBANO E RURAL DE RONDONIA";"EM LIQUIDAÇÃO";"HABITAÇÃO E URBANIZAÇÃO";"SOCIEDADE DE ECONOMIA MISTA";"Não Dependente";0;0;"NÃO";"NÃO";"NÃO";0;"Não";0;0;0;0;0;0;0;0;0;NA;"NÃO DEPENDENTE";0;0;"Rondônia";"Norte";FALSE;FALSE;0
"RO";"COMPANHIA DE PROCESSAMENTO DE DADOS DO ESTADO DE RONDONIA";"EM LIQUIDAÇÃO";"INFORMÁTICA E TECNOLOGIA DA INFORMAÇÃO";"SOCIEDADE DE ECONOMIA MISTA";"Não Dependente";0;0;"NÃO";"NÃO";"NÃO";0;"Não";0;0;0;0;0;0;0;0;0;NA;"NÃO DEPENDENTE";0;0;"Rondônia";"Norte";FALSE;FALSE;0
"RO";"COMPANHIA DE MINERAÇÃO DE RONDÔNIA  CMR";"ATIVA";"MINERAÇÃO";"EMPRESA PÚBLICA";"Não Dependente";3510335392,28;-2511833,12;"SIM";"SIM";"NÃO";464209,85;"Não";19;454519,84;2386124,08;0;0;0;0;0;0;"https://transparencia,ro,gov,br/PastasEmArvore/Pastas?id=0538a357-5c3a-48d5-95e6-506e925853aa";"NÃO DEPENDENTE";0;0;"Rondônia";"Norte";FALSE;FALSE;0
"RO";"SOCIEDADE DE PORTOS E HIDROVIAS DO ESTADO DE RONDONIASOPH";"ATIVA";"PORTOS E HIDROVIAS";"EMPRESA PÚBLICA";"Não Dependente";15800959,52;-371393,26;"SIM";"SIM";"NÃO";525495,17;"Não";74;1432930,61;12456521,71;0;0;7e+06;0;1e+06;0;"-";"NÃO DEPENDENTE";0;0;"Rondônia";"Norte";FALSE;FALSE;0
"RO";"COMPANHIA DE ÁGUA E ESGOTO DE RONDÔNIA CAERD";"ATIVA";"SANEAMENTO";"SOCIEDADE DE ECONOMIA MISTA";"Não Dependente";-1198977306,98;2082510,26;"SIM";"SIM";"SIM";471043,74;"Não";964;30383091,75;116869706,89;0;14962421,49;0;0;0;0;"https://transparencia,caerd-ro,com,br/carta-anual-de-politicas-publicas-e-governanca-corporativa";"NÃO DEPENDENTE";0;0;"Rondônia";"Norte";TRUE;FALSE;-14962421,49
"RR";"RÁDIO RORAIMA";"ATIVA";"COMUNICAÇÃO";"EMPRESA PÚBLICA";"Dependente";166750,26;2270915,54;"SIM";"NÃO";"SIM";130000;"Não";68;48083,8;4899081,38;0;6403152,97;5693691,79;0;0;0;"https://sei,rr,gov,br/sei/controlador,php?acao=arvore_visualizar&acao_origem=procedimento_visualizar&id_procedimento=18258988&id_documento=18379666&infra_sistema=100000100&infra_unidade_atual=110003189&infra_hash=5f6e050932e9a23188ad9bb87c9c9e1ba5faa535fe3e327e2db0cda9884ac197";"DEPENDENTE";0;0;"Roraima";"Norte";FALSE;FALSE;-6403152,97
"RR";"COMPANHIA DE DESENVOLVIMENTO DE RORAIMA  CODESAIMA";"ATIVA";"DESENVOLVIMENTO REGIONAL";"SOCIEDADE DE ECONOMIA MISTA";"Dependente";119525114,04;-132300,81;"SIM";"SIM";"NÃO";350532;"Não";255;260830,72;26418605,11;0;33831463,01;29832593,46;0;0;0;"https://sei,rr,gov,br/sei/controlador,php?acao=arvore_visualizar&acao_origem=procedimento_visualizar&id_procedimento=18258988&id_documento=18379666&infra_sistema=100000100&infra_unidade_atual=110003189&infra_hash=5f6e050932e9a23188ad9bb87c9c9e1ba5faa535fe3e327e2db0cda9884ac197";"DEPENDENTE";0;0;"Roraima";"Norte";FALSE;FALSE;-33831463,01
"RR";"COMPANHIA ENERGÉTICA DE RORAIMA  CERR";"EM LIQUIDAÇÃO";"ENERGIA";"SOCIEDADE DE ECONOMIA MISTA";"Dependente";-237720762,51;794215,69;"SIM";"SIM";"NÃO";277640,27;"Não";257;0;29816641,1;0;32625398,38;7079730,07;0;0;82331953,11;"https://www,imprensaoficial,rr,gov,br/app/_visualizar-doe/";"DEPENDENTE";0;0;"Roraima";"Norte";FALSE;FALSE;-32625398,38
"RR";"AGENCIA DE FOMENTO DO ESTADO DE RORAIMA SA";"ATIVA";"FINANCEIRO";"SOCIEDADE DE ECONOMIA MISTA";"Dependente";18994658,32;-248374,57;"SIM";"SIM";"SIM";379743;"Não";28;0;6809601,88;0;8827951,99;8462899,3;10002996;0;0;"https://desenvolverr,com,br/transparencia/";"DEPENDENTE";0;0;"Roraima";"Norte";TRUE;FALSE;-18830947,99
"RR";"COMPANHIA DE ÁGUAS E ESGOTOS DE RORAIMA CAER";"ATIVA";"SANEAMENTO";"SOCIEDADE DE ECONOMIA MISTA";"Não Dependente";-450667611,54;225200633,16;"SIM";"SIM";"NÃO";484507,76;"Não";970;16169239;100478568,9;0;0;0;16853881,6;11735793,06;16853881,6;"caer,com,br/transparencia/";"NÃO DEPENDENTE";0;0;"Roraima";"Norte";FALSE;FALSE;-16853881,6
"SC";"Centrais de Abastecimento de Santa Catarina";"ATIVA";"ABASTECIMENTO DE ALIMENTOS E OUTROS INSUMOS";"SOCIEDADE DE ECONOMIA MISTA";"Não Dependente";14895354,66;1187883,87;"SIM";"SIM";"NÃO";190906,36;"Não";45;203764,25;3224480,22;0;0;0;0;0;1455785,92;NA;"NÃO DEPENDENTE";0;0;"Santa Catarina";"Sul";FALSE;FALSE;0
"SC";"Administradora da Zona de Processamento de Exportação SAIAZPE";"ATIVA";"DESENVOLVIMENTO REGIONAL";"SOCIEDADE DE ECONOMIA MISTA";"Não Dependente";2227275,89;-44898,74;"SIM";"SIM";"NÃO";0;"Não";2;0;82846,39;0;0;0;0;0;0;NA;"NÃO DEPENDENTE";0;0;"Santa Catarina";"Sul";FALSE;FALSE;0
"SC";"Centrais Elétricas de Santa Catarina S A";"ATIVA";"ENERGIA";"SOCIEDADE DE ECONOMIA MISTA";"Não Dependente";2932567000;715182000;"SIM";"SIM";"SIM";469171,81;"Sim";7451;1264694000;940532000;43675351,34;0;0;0;0;0;"https://api,mziq,com/mzfilemanager/v2/d/137b4414-3d0c-493e-8b59-0d02bc3e4072/9b39257e-9aad-d42b-bdc4-c955a0e46297?origin=1";"NÃO DEPENDENTE";0;0;"Santa Catarina";"Sul";TRUE;FALSE;43675351,34
"SC";"AGÊNCIA DE FOMENTO DO ESTADO DE SANTA CATARINA SA";"ATIVA";"FINANCEIRO";"SOCIEDADE DE ECONOMIA MISTA";"Não Dependente";991546000;114459000;"SIM";"SIM";"SIM";784877,19;"Não";118;2060000;51417000;61748000;0;0;0;0;737406307,07;"http://transparencia,badesc,gov,br/gestaoEstadual/cartaGovernanca";"NÃO DEPENDENTE";0;0;"Santa Catarina";"Sul";TRUE;FALSE;61748000
"SC";"BANCO REGIONAL DE DESENVOLVIMENTO DO EXTREMO SUL";"ATIVA";"FINANCEIRO";"EMPRESA PÚBLICA";"Não Dependente";4495898455,45;472452860,84;"SIM";"SIM";"SIM";828506,55;"Sim";522;3813473,77;262579991,37;0;0;0;0;0;0;"https://www,brde,com,br/wp-content/uploads/2024/10/CARTA-ANUAL_2024,pdf";"NÃO DEPENDENTE";0;0;"Santa Catarina";"Sul";TRUE;FALSE;0
"SC";"BESCOR BESC CORRETORA DE SEGUORS E ADMINISTRADORA DE BENS";"EM LIQUIDAÇÃO";"FINANCEIRO";"SOCIEDADE DE ECONOMIA MISTA";"Não Dependente";880273,94;259557,92;"NÃO";"SIM";"NÃO";114343,71;"Não";3;0;343498,26;0;0;0;0;0;0;NA;"NÃO DEPENDENTE";0;0;"Santa Catarina";"Sul";FALSE;FALSE;0
"SC";"Santa Catarina Participação e Investimentos SA";"ATIVA";"FINANCEIRO";"SOCIEDADE DE ECONOMIA MISTA";"Não Dependente";-12619554620,6;-1399235709;"SIM";"SIM";"SIM";0;"Não";0;0;0;0;0;0;0;0;117204239,52;NA;"NÃO DEPENDENTE";0;0;"Santa Catarina";"Sul";TRUE;FALSE;0
"SC";"SC PARTICIPACOES E PARCERIAS SA  SCPAR";"ATIVA";"GESTÃO DE ATIVOS";"SOCIEDADE DE ECONOMIA MISTA";"Não Dependente";265645884,54;23025716,17;"SIM";"SIM";"SIM";366323,38;"Não";39;225966,04;12268967,54;0;0;0;19372673;4558700,29;0;"http://transparencia,scpar,sc,gov,br/scpar/responsabilidade-fiscal/prestacao-de-contas/prestacao-de-contas-anual";"NÃO DEPENDENTE";0;0;"Santa Catarina";"Sul";TRUE;FALSE;-19372673
"SC";"COMPANHIA DE HABITAÇÃO DO ESTADO DE SANTA CATARINA";"EM LIQUIDAÇÃO";"HABITAÇÃO E URBANIZAÇÃO";"SOCIEDADE DE ECONOMIA MISTA";"Dependente";-38539154;537560;"NÃO";"SIM";"NÃO";298507,48;"Não";21;0;4894706,21;0;3436174,71;5510738;0;0;0;NA;"DEPENDENTE";0;0;"Santa Catarina";"Sul";FALSE;FALSE;-3436174,71
"SC";"SAPIENS PARQUE SA";"ATIVA";"HABITAÇÃO E URBANIZAÇÃO";"SOCIEDADE DE ECONOMIA MISTA";"Não Dependente";483002777,99;55603427,43;"SIM";"SIM";"NÃO";208250,14;"Não";36;131978,93;2676733,18;0;0;0;25879445,8;20251723,95;0;NA;"NÃO DEPENDENTE";0;0;"Santa Catarina";"Sul";FALSE;FALSE;-25879445,8
"SC";"CENTRO DE INFORMATICA E AUTOMAÇÃO DO ESTADO DE SC SA";"ATIVA";"INFORMÁTICA E TECNOLOGIA DA INFORMAÇÃO";"EMPRESA PÚBLICA";"Não Dependente";36449419,99;-13702055,37;"SIM";"SIM";"NÃO";703922,31;"Não";361;8208279,33;124208209,57;0;0;0;0;0;18711004,5;NA;"NÃO DEPENDENTE";0;0;"Santa Catarina";"Sul";FALSE;FALSE;0
"SC";"Companhia Integrada de Desenvolvimento Agrícola de Santa Catarina";"ATIVA";"PESQUISA E ASSISTÊNCIA TÉCNICA AGROPECUÁRIA";"EMPRESA PÚBLICA";"Dependente";-24341896,09;-4523290,33;"SIM";"SIM";"NÃO";493394,96;"Não";1400;3496435,63;257000723,78;0;262956555,83;253733123,93;0;0;0;"https://www,cidasc,sc,gov,br/wp-content/uploads/2024/05/CAGC-2024,docx,pdf";"DEPENDENTE";0;0;"Santa Catarina";"Sul";FALSE;FALSE;-262956555,83
"SC";"EMPRESA DE PESQUISA AGROPECUÁRIA E EXTENSÃO RURAL DE SANTA CATARINA";"ATIVA";"PESQUISA E ASSISTÊNCIA TÉCNICA AGROPECUÁRIA";"EMPRESA PÚBLICA";"Dependente";-37869823;-12199694,87;"SIM";"SIM";"NÃO";456991,71;"Não";1565;20240225;490056603,77;0;457591779;433219082;0;0;0;"https://transparencia,epagri,sc,gov,br/wp-content/uploads/2025/04/CAR,DEPLAN,0001,v,02,01-Carta-anual-de-governanca-corporativa-2025,pdf";"DEPENDENTE";0;0;"Santa Catarina";"Sul";FALSE;FALSE;-457591779
"SC";"Companhia Catarinense de Águas e Saneamento";"ATIVA";"SANEAMENTO";"SOCIEDADE DE ECONOMIA MISTA";"Não Dependente";2258409000;243027590;"SIM";"SIM";"SIM";715418,74;"Não";3485;601985924;568118199;10735810;0;0;0;113081435;0;"https://ri,casan,com,br/governanca-corporativa/carta-anual-de-politicas-publicas-e-governanca-corporativa/";"NÃO DEPENDENTE";0;0;"Santa Catarina";"Sul";TRUE;FALSE;10735810
"SC";"COMPANHIA HIDROMINERAL CALDAS DA IMPERATRIZ";"ATIVA";"TURISMO";"SOCIEDADE DE ECONOMIA MISTA";"Não Dependente";2438926,68;-1612417,77;"SIM";"SIM";"NÃO";216776,28;"Não";60;0;2130600,34;0;0;0;0;0;12651041,42;NA;"NÃO DEPENDENTE";0;0;"Santa Catarina";"Sul";FALSE;FALSE;0
"SC";"SANTA CATARINA TURISMO SA";"EM LIQUIDAÇÃO";"TURISMO";"SOCIEDADE DE ECONOMIA MISTA";"Dependente";-227931;-233560;"NÃO";"SIM";"NÃO";2709,98;"Não";31;0;6063861;0;0;0;0;0;1165848;NA;"DEPENDENTE";0;0;"Santa Catarina";"Sul";FALSE;FALSE;0
"SE";"Companhia de Desenvolvimento de Recursos Hídricos e Irrigação de Sergipe";"ATIVA";"ABASTECIMENTO DE ALIMENTOS E OUTROS INSUMOS";"SOCIEDADE DE ECONOMIA MISTA";"Dependente";2746485,98;-452596,22;"SIM";"SIM";"NÃO";265301,79;"Não";404;0;55063965,59;0;70023781,95;66915177,98;0;0;0;NA;"DEPENDENTE";0;0;"Sergipe";"Nordeste";FALSE;FALSE;-70023781,95
"SE";"Imprensa Oficial de Sergipe";"ATIVA";"COMUNICAÇÃO";"EMPRESA PÚBLICA";"Não Dependente";480484,25;-1268136,93;"SIM";"SIM";"NÃO";204999,99;"Não";86;0;5613146,43;0;0;0;0;0;0;NA;"NÃO DEPENDENTE";0;0;"Sergipe";"Nordeste";FALSE;FALSE;0
"SE";"Agência Sergipe de Desenvolvimento SA";"ATIVA";"DESENVOLVIMENTO REGIONAL";"SOCIEDADE DE ECONOMIA MISTA";"Não Dependente";18972574,9;6106334,36;"SIM";"SIM";"NÃO";240000;"Não";53;0;6197720,47;0;0;0;0;0;7600000;NA;"NÃO DEPENDENTE";0;0;"Sergipe";"Nordeste";FALSE;FALSE;0
"SE";"Companhia de Desenvolvimento Economico de Sergipe";"ATIVA";"DESENVOLVIMENTO REGIONAL";"SOCIEDADE DE ECONOMIA MISTA";"Dependente";212311284,85;-4066941,79;"SIM";"SIM";"NÃO";461481,86;"Não";160;2425591,09;31259982,79;0;0;0;0;0;0;NA;"DEPENDENTE";0;0;"Sergipe";"Nordeste";FALSE;FALSE;0
"SE";"Empresa de Desenvolvimento Sustentavel do Estado de Sergipe";"ATIVA";"DESENVOLVIMENTO REGIONAL";"EMPRESA PÚBLICA";"Dependente";-809316,46;-622130,7;"SIM";"SIM";"NÃO";428159,33;"Não";53;0;9425871,81;0;8803741,74;8586982,7;0;0;0;"https://www,pronese,se,gov,br/transparencia";"DEPENDENTE";0;0;"Sergipe";"Nordeste";FALSE;FALSE;-8803741,74
"SE";"Zona de Processamento de Exportação de Sergipe";"ATIVA";"DESENVOLVIMENTO REGIONAL";"SOCIEDADE DE ECONOMIA MISTA";"Dependente";12608,55;806,43;"SIM";"SIM";"NÃO";0;"Não";0;0;0;0;0;0;0;0;415798,29;NA;"DEPENDENTE";0;0;"Sergipe";"Nordeste";FALSE;FALSE;0
"SE";"Banco do Estado de Sergipe SA";"ATIVA";"FINANCEIRO";"SOCIEDADE DE ECONOMIA MISTA";"Não Dependente";810041826,4;146703661,71;"SIM";"SIM";"SIM";807001,08;"Sim";1396;35584140;262454580,79;40701578,62;0;0;42131126,36;56242461,5;0;"https://api,mziq,com/mzfilemanager/v2/d/ef576ca8-6e1a-4602-996d-9d5513d6ee06/e77c56ea-7465-057c-8a32-174eb9aa594e?origin=1";"NÃO DEPENDENTE";0;0;"Sergipe";"Nordeste";TRUE;FALSE;-1429547,74
"SE";"Sergipe Gás SA";"ATIVA";"GÁS E DERIVADOS";"SOCIEDADE DE ECONOMIA MISTA";"Não Dependente";193011236,87;28391870,51;"SIM";"SIM";"NÃO";392853,22;"Sim";102;13266913,62;21014998,03;2325260,16;0;0;0;0;0;"https://www,sergipegas,com,br/documentos/?dir=Informa%C3%A7%C3%B5es%20Institucionais/Legisla%C3%A7%C3%A3o%20Interna/Carta%20Anual";"NÃO DEPENDENTE";0;0;"Sergipe";"Nordeste";FALSE;FALSE;2325260,16
"SE";"Companhia Estadual de Habitação e Obras Públicas";"ATIVA";"HABITAÇÃO E URBANIZAÇÃO";"SOCIEDADE DE ECONOMIA MISTA";"Dependente";97712357,12;-4964071,87;"SIM";"SIM";"NÃO";424915,03;"Não";189;81443,98;37089430,82;0;39425545,79;28966706,26;0;0;0;NA;"DEPENDENTE";0;0;"Sergipe";"Nordeste";FALSE;FALSE;-39425545,79
"SE";"Empresa Sergipana de Tecnologia da Informação";"ATIVA";"INFORMÁTICA E TECNOLOGIA DA INFORMAÇÃO";"EMPRESA PÚBLICA";"Dependente";8775120,96;57238,89;"SIM";"SIM";"NÃO";344347,47;"Não";86;0;10411786,41;0;0;0;0;0;0;NA;"DEPENDENTE";0;0;"Sergipe";"Nordeste";FALSE;FALSE;0
"SE";"Empresa de Desenvolvimento Agropecuário de Sergipe";"ATIVA";"PESQUISA E ASSISTÊNCIA TÉCNICA AGROPECUÁRIA";"EMPRESA PÚBLICA";"Dependente";-43142226,87;4571448,83;"SIM";"SIM";"NÃO";291069,6;"Não";509;1713659,95;65033000,49;0;64093517,7;53250877,3;0;0;0;"https://www,emdagro,se,gov,br";"DEPENDENTE";0;0;"Sergipe";"Nordeste";FALSE;FALSE;-64093517,7
"SE";"Companhia de Saneamento de Sergipe";"ATIVA";"SANEAMENTO";"SOCIEDADE DE ECONOMIA MISTA";"Não Dependente";1999011680;10018432;"SIM";"SIM";"NÃO";821666,14;"Não";1299;172035498;353715471;0;0;0;58727078;18884886;739690828;"https://transparencia,deso-se,com,br/";"NÃO DEPENDENTE";0;0;"Sergipe";"Nordeste";FALSE;FALSE;-58727078
"SE";"Empresa Sergipana de Turismo SA";"ATIVA";"TURISMO";"SOCIEDADE DE ECONOMIA MISTA";"Dependente";6609903,1;-104097,36;"SIM";"SIM";"NÃO";624933,67;"Não";31;0;777408,22;0;0;0;0;0;0;"https://www,se,gov,br/emsetur/emsetur_transparencia";"DEPENDENTE";0;0;"Sergipe";"Nordeste";FALSE;FALSE;0
"SP";"COMPANHIA PAULISTA DE SECURITIZAÇÃO";"ATIVA";"FINANCEIRO";"EMPRESA PÚBLICA";"Não Dependente";216544888,27;24495157,79;"SIM";"SIM";"NÃO";270127,85;"Sim";3;0;641663,06;11761704,73;0;0;0;0;0;"https://portal,fazenda,sp,gov,br/Institucional/Paginas/CPSEC/CPSEC,aspx";"NÃO DEPENDENTE";0;0;"São Paulo";"Sudeste";FALSE;FALSE;11761704,73
"SP";"DESENVOLVE SP  AGÊNCIA DE FOMENTO DO ESTADO DE SÃO PAULO SA";"ATIVA";"FINANCEIRO";"EMPRESA PÚBLICA";"Não Dependente";3394687945,18;186778991,84;"SIM";"SIM";"SIM";738792,37;"Sim";152;0;64705125,45;196376911,73;0;0;0;0;0;"https://www,desenvolvesp,com,br/institucional/transparencia/prestacao-de-contas/carta-anual-de-politicas-publicas-e-governanca-corporativa/";"NÃO DEPENDENTE";0;0;"São Paulo";"Sudeste";TRUE;FALSE;196376911,73
"SP";"COMPANHIA PAULISTA DE PARCERIAS";"ATIVA";"GESTÃO DE ATIVOS";"EMPRESA PÚBLICA";"Não Dependente";1993027973;178742070,14;"SIM";"SIM";"NÃO";385400,6;"Sim";20;0;3570902,31;188967896;0;0;0;3e+07;0;NA;"NÃO DEPENDENTE";0;0;"São Paulo";"Sudeste";FALSE;FALSE;188967896
"SP";"COMPANHIA DE DESENVOLVIMENTO HABITACIONAL E URBANO DO ESTADO DE SÃO PAULO";"ATIVA";"HABITAÇÃO E URBANIZAÇÃO";"EMPRESA PÚBLICA";"Não Dependente";11985440000;-1046612000;"SIM";"SIM";"SIM";437269,43;"Sim";367;2110353478,06;131075302,94;0;0;0;1646836915;5,4e+08;1646836915;NA;"NÃO DEPENDENTE";0;0;"São Paulo";"Sudeste";TRUE;FALSE;-1646836915
"SP";"COMPANHIA DE PROCESSAMENTO DE DADOS DO ESTADO DE SÃO PAULO";"ATIVA";"INFORMÁTICA E TECNOLOGIA DA INFORMAÇÃO";"EMPRESA PÚBLICA";"Não Dependente";868887186,07;101257571,59;"SIM";"SIM";"SIM";837082,09;"Sim";1742;386699568,71;564268062,81;46430210,48;0;0;0;0;0;"https://www,prodesp,sp,gov,br/wp-content/uploads/2025/04/Carta-de-Politicas-Publicas-e-Governanca-Corporativa_2024,pdf";"NÃO DEPENDENTE";0;0;"São Paulo";"Sudeste";TRUE;FALSE;46430210,48
"SP";"INSTITUTO DE PESQUISAS TECNOLÓGICAS DO ESTADO DE SÃO PAULO SA";"ATIVA";"INFORMÁTICA E TECNOLOGIA DA INFORMAÇÃO";"EMPRESA PÚBLICA";"Dependente";98484869,01;-6232622,54;"SIM";"SIM";"SIM";631506,32;"Não";595;16965470,02;142332687,44;0;117606542,15;106095097,88;16965470,02;13539378,48;0;"https://ipt,br/wp-content/uploads/2025/03/Carta-anual-2024,pdf";"DEPENDENTE";0;0;"São Paulo";"Sudeste";TRUE;FALSE;-134572012,17
"SP";"COMPANHIA AMBIENTAL DO ESTADO DE SÃO PAULO";"ATIVA";"OUTROS";"EMPRESA PÚBLICA";"Dependente";97668068,89;40283654,44;"SIM";"SIM";"SIM";479441,1;"Sim";1731;0;604478647,67;0;129056000;123893945;0;8e+05;0;"https://cetesb,sp,gov,br/balancos-patrimoniais/";"DEPENDENTE";0;0;"São Paulo";"Sudeste";TRUE;FALSE;-129056000
"SP";"COMPANHIA DOCAS DE SÃO SEBASTIÃO";"ATIVA";"PORTOS E HIDROVIAS";"EMPRESA PÚBLICA";"Dependente";204621432;-2544481;"SIM";"SIM";"NÃO";567131,24;"Não";88;12560202,73;22163978,37;0;9360110;8930729;13062155;5434212;13062155;"https://portoss,sp,gov,br/home/transparencia/governanca/";"DEPENDENTE";0;0;"São Paulo";"Sudeste";FALSE;FALSE;-22422265
"SP";"COMPANHIA DO METROPOLITANO DE SAO PAULO";"ATIVA";"TRANSPORTE";"EMPRESA PÚBLICA";"Dependente";40829323832,7;-347519070,47;"SIM";"SIM";"SIM";553664,75;"Sim";6191;4076179000;1872264068,79;0;0;317976248,07;4087644406,65;2713990757,35;0;"https://transparencia,metrosp,com,br/dataset/cartas-anuais-companhia-do-metr%C3%B4-de-sp/resource/f01e4046-b8b7-430c-991a-753ef2beff5e";"DEPENDENTE";0;0;"São Paulo";"Sudeste";TRUE;FALSE;-4087644406,65
"SP";"COMPANHIA PAULISTA DE TRENS METROPOLITANOS";"ATIVA";"TRANSPORTE";"EMPRESA PÚBLICA";"Dependente";10592909948,69;-548444471,86;"SIM";"SIM";"SIM";459552,33;"Sim";5606;372877390,24;1133074992,81;0;876529143,14;805279349,67;627785617,35;851079110,14;0;"https://www,cptm,sp,gov,br/esg-consciente/Governanca/BalancosDemonstrativos/Relat%C3%B3rio%20Integrado%20CPTM%202024,zip";"DEPENDENTE";0;0;"São Paulo";"Sudeste";TRUE;FALSE;-1504314760,49
"SP";"EMPRESA METROPOLITANA DE TRANSPORTES URBANOS DE SÃO PAULO SA";"ATIVA";"TRANSPORTE";"EMPRESA PÚBLICA";"Não Dependente";2585075816,64;-24968868,98;"SIM";"SIM";"SIM";446329,79;"Sim";496;313998069,75;750734485,47;0;0;0;250455905,99;63542096,18;366848802,23;"https://www,emtu,sp,gov,br/emtu/pdf/relatorio-gestao-24,pdf";"NÃO DEPENDENTE";0;0;"São Paulo";"Sudeste";TRUE;FALSE;-250455905,99
"TO";"AGÊNCIA DE FOMENTO DO ESTADO DO TOCANTINS SA";"ATIVA";"FINANCEIRO";"SOCIEDADE DE ECONOMIA MISTA";"Não Dependente";35296986,7;588578,63;"SIM";"SIM";"SIM";196989,94;"Não";50;101000;4018686,84;0;0;0;1582604,6;1509054,3;165707,66;NA;"NÃO DEPENDENTE";0;0;"Tocantins";"Norte";TRUE;FALSE;-1582604,6
"TO";"COMPANHIA IMOBILIÁRIA DE PARTICIPAÇÕES INVESTIMENTOS E PARCERIAS DO ESTADO DO TOCANTINS  TOCANTINS PARCERIAS";"ATIVA";"HABITAÇÃO E URBANIZAÇÃO";"SOCIEDADE DE ECONOMIA MISTA";"Não Dependente";65633651,4;-6307597,96;"SIM";"SIM";"SIM";337459,5;"Sim";88;853053,33;12141581,46;0;0;0;0;0;3,5e+07;NA;"NÃO DEPENDENTE";0;0;"Tocantins";"Norte";TRUE;FALSE;0
"TO";"COMPANHIA DE MINERAÇÃO DO TOCANTINS";"ATIVA";"MINERAÇÃO";"SOCIEDADE DE ECONOMIA MISTA";"Não Dependente";2925872,64;465147,98;"SIM";"SIM";"SIM";327600;"Não";22;1156576,95;2136852,11;0;0;0;8e+05;0;30793584,98;NA;"NÃO DEPENDENTE";0;0;"Tocantins";"Norte";TRUE;FALSE;-8e+05
